node_id,tier,company_size,geographic_region,revenue_millions,debt_to_equity,liquidity_ratio,working_capital_days,supplier_diversification,customer_concentration
S_000,S,Small,Other,19.52181985959007,2.2537247610000875,1.642788348570601,60.157729272097896,1,0.2203565537133467
S_001,S,Small,Europe,25.145215036007485,0.18594754792266266,0.5982160263231815,23.815444479970626,4,0.33452531087717047
S_002,S,Large,Other,3.0030223299103582,1.6067094959792196,0.8034404679198238,72.78417276763406,2,0.19974955400901137
S_003,S,Small,Europe,10.256969995811252,1.5419254906236486,1.2174233416676807,40.48344456616067,4,0.10652370271431065
S_004,S,Large,Asia,17.693267359858318,1.5477578464285606,0.6408376385690776,40.36181436223178,3,0.19362371648596102
S_005,S,Medium,Europe,12.710825571434944,0.4824223115461086,3.550918644931819,50.072718779899795,3,0.05490218997344467
S_006,S,Small,Europe,2.2616904195710252,1.4114818987397868,0.6605053876042102,37.47364434623195,7,0.18633950452881945
S_007,S,Medium,Asia,7.445949438206707,0.6908946635753682,0.9651412121423615,40.66294715295087,5,0.46309578390650014
S_008,S,Small,Asia,2.7489706880150924,0.8358774370185389,1.1443678181045065,49.523210135004184,6,0.09061050288324028
S_009,S,Small,North America,3.5248972140170975,1.582555822560985,1.4389236376626329,37.44786518825701,1,0.0694242954698856
S_010,S,Medium,Europe,2.2821547477939146,0.6422516089348198,0.9977845062977514,53.34182697800948,5,0.05067056530192805
S_011,S,Medium,Asia,18.661475557672222,1.891686093949212,1.6594994081285621,34.28472872960448,4,0.49233333961467446
S_012,S,Medium,Asia,13.967446417050573,1.599815565491998,1.0956158705111443,33.693957534637654,6,0.6294328537963132
S_013,S,Medium,North America,7.869307740197948,0.7478282439230572,1.1156020207754807,55.71000741138138,7,0.14561109811313738
S_014,S,Large,Asia,1.9624895497621764,0.936553139993324,2.7507436791386333,45.77041289219453,5,0.2850870504522281
S_015,S,Small,Asia,54.397706440785726,1.6478154451121871,1.0335107150019993,56.38453830739901,3,0.8014732049023443
S_016,S,Small,North America,3.640431437154999,1.752406278014148,3.6813586324190326,46.928265001066215,3,0.4160119421999703
S_017,S,Large,Europe,35.58875139908173,0.4898808971374499,0.6708874571862755,43.278953377996515,5,0.2491194021961276
S_018,S,Medium,North America,178.25842005588942,1.6932381915998338,0.7120667585031379,25.80120400105305,1,0.12124998012926863
S_019,S,Small,North America,0.37067027531076885,0.24428406488276425,0.9285387963470912,46.96110865929137,5,0.3571642994808134
S_020,S,Large,Asia,79.760247141883,0.26248634405102894,2.1759471047979435,46.06458623459619,4,0.373685326230927
S_021,S,Medium,North America,3.0524753895650902,1.5108499611293864,2.578055720697952,66.78825371193557,4,0.31640287756872293
S_022,S,Small,Asia,16.787693223653946,0.7095136113215897,3.666093579658489,38.40723186788584,3,0.1329615624634706
S_023,S,Small,Other,4.920643460303496,0.49692422408087294,1.4360401372996998,53.9273553815537,3,0.3565113583465801
S_024,S,Small,Europe,8.278872911155192,0.4681979014205989,1.0389030638081322,57.05719577064388,4,0.3540526358109476
S_025,S,Medium,North America,0.8418726592300297,0.2149845393040603,0.7582490762225729,65.40167049372258,5,0.21902945943054153
S_026,S,Small,North America,49.73492183489392,1.4365323761613735,1.2241311472008665,51.02567583148412,4,0.19781380394525588
S_027,S,Small,Other,224.44752682665262,1.1240164682350573,5.022559357503159,33.489786556679256,2,0.17685870785106472
S_028,S,Small,Europe,34.77506496732279,0.12591749934276417,1.7183594086682807,73.14256258823829,7,0.04622754686267031
S_029,S,Small,North America,43.3436487303429,0.5656879299284053,1.662375139249615,28.539811971500125,6,0.25975741915425515
S_030,S,Medium,North America,1.4896919534409951,0.7447650216376018,0.3605034387473416,53.03237714962807,3,0.15827006343392985
S_031,S,Medium,Asia,34.46243085031191,0.9452060265120792,2.117113473226397,65.52947336298523,2,0.031987090365447654
S_032,S,Small,Europe,3.56059710148496,2.0255918181576145,0.23439125758526244,44.16678451655072,5,0.4284332791336106
S_033,S,Medium,Europe,1.684402548820931,1.2028747097101007,0.655985958614716,36.61461760149215,3,0.5786652674307131
S_034,S,Medium,Asia,26.49699676376833,0.4936074421149443,0.857055915758092,36.3627263903298,5,0.3199459446625415
S_035,S,Small,Europe,0.6638696358142249,0.9716889416883222,1.1494643064178545,44.28313683939693,3,0.2210455620929866
S_036,S,Small,North America,260.2113291361068,1.6747363707903185,0.5233591068086816,42.14491982874588,4,0.25604386188188655
S_037,S,Small,North America,4.1667429623931485,0.5939282216432435,1.3840767032744794,32.535748253834434,3,0.1365637082251592
S_038,S,Large,Asia,0.6040441898730515,1.2355786978587913,0.831124832770143,29.969299145568986,3,0.053232802486490975
S_039,S,Small,Europe,5.913115751955741,0.5970192029961638,2.6660484928767767,36.34662195715277,6,0.2804873407302734
S_040,S,Medium,Asia,6.173238761070765,0.9089222168076354,0.8904776281542666,38.51162718270569,6,0.14445647214366047
S_041,S,Small,Asia,0.6904733479169584,0.8437387818963442,2.3864782814172023,11.832970364881724,4,0.1670927947472023
S_042,S,Small,Asia,3.5569643275664,1.1221214886321809,2.3878948543826697,32.15874261136699,6,0.5110780177325166
S_043,S,Medium,Asia,59.077785975562904,1.6686481785196172,0.6832005347801631,26.330179450328746,6,0.127943521186496
S_044,S,Medium,Other,107.04458477383183,1.2753747998559706,0.672225312474124,52.072025357039934,7,0.18926525270317185
S_045,S,Small,Europe,1.6190562813269038,0.15654561205171444,1.1097278242484339,54.42210020221004,4,0.2502463977777375
S_046,S,Large,Europe,118.32488955853822,1.7925620190237523,0.5345412069585341,52.75003962972184,3,0.24946717331931528
S_047,S,Medium,North America,6.219776482247813,0.9374685572103277,1.2997911686727148,36.84862843299352,3,0.006983755239615676
S_048,S,Small,North America,0.8946993471840429,0.4253378003963973,0.9934102003930291,43.956152656304845,3,0.21852757019517255
S_049,S,Small,Asia,15.653840388689638,0.3215895714035373,1.1002094415492552,39.377687886756036,5,0.388093991336372
S_050,S,Small,North America,12.051625334394226,0.2585325405106157,0.4182183806847928,32.755418864177315,4,0.017279127080126834
S_051,S,Medium,North America,6.983484095788495,1.7676556290401488,1.0157944705683501,65.19066311197076,4,0.3071017670062408
S_052,S,Small,North America,9.912215472566677,0.3478982912737628,4.66244944333659,55.76387369689575,2,0.22078097776764183
S_053,S,Small,Other,0.4670535559761541,0.250203620558509,1.0052364312016848,47.97837544344438,3,0.5750166974818236
S_054,S,Small,Asia,8.52481404835135,0.9543257716294953,0.8228017794505414,46.83014721968042,4,0.32425294378182246
S_055,S,Small,North America,15.63647662752918,1.2265653287994838,2.084159848612583,21.446629201643155,3,0.20388080864478686
S_056,S,Medium,Asia,17.110386416474352,1.743764461685403,0.9174665467135926,54.494124506901976,4,0.3081745146780117
S_057,S,Large,North America,1.459968980683872,1.7147511822325356,2.8724115135392294,43.79376339436511,3,0.06881156982684974
S_058,S,Medium,Europe,4.995108432783231,0.9235376890092697,3.45563011503334,47.94832164767362,5,0.19416253232713945
S_059,S,Large,Europe,3.400992581829818,2.114261233598065,2.526810768047204,49.707929452052014,5,0.29442140428212416
S_060,S,Small,North America,0.40635933401610663,0.27168189758563827,2.6301963542272433,41.790167336617365,3,0.245437714733953
S_061,S,Small,North America,2.9016780580833963,0.5237416420935365,0.8838947349543089,42.4782765656206,6,0.1228025974592681
S_062,S,Small,Europe,75.28326020032245,2.613179813007315,0.9928636249204182,53.75700564234436,7,0.10118592477497042
S_063,S,Small,North America,20.95006075302792,0.31900709837226227,1.3164436606142125,62.82589910172126,6,0.271417387994333
S_064,S,Medium,Asia,15.699438514083147,1.518390672699864,3.330851712686925,54.73064831384464,3,0.22633858176869118
S_065,S,Small,Asia,7.714620034706482,1.9609503203845056,2.3687805741636634,22.659104105260408,5,0.34567215737959034
S_066,S,Small,Asia,9.614945827271717,1.1258185501830853,2.777961379252978,29.602270508834096,4,0.3765774204833798
S_067,S,Small,Europe,22.157707647085843,1.7430129707907347,0.32728090004363686,12.017910650698774,4,0.3059773634475039
S_068,S,Small,Europe,6.222144047578928,1.3125865715642486,0.7387945565370229,41.38145913215505,2,0.23519883880001358
S_069,S,Large,North America,4.417333606220808,1.0747158284952292,1.862885953321725,54.64084139801316,2,0.33776128699601476
S_070,S,Small,North America,15.442243686606128,0.46853614554166756,4.192299875344833,46.92156622366184,4,0.17819458013090078
S_071,S,Medium,North America,2.632043300405497,1.4504389465030925,1.8227819956296358,30.495357853061805,3,0.15542471441098749
S_072,S,Small,Europe,27.55112682533285,0.3860080056729826,1.372608092297785,42.31482049323772,4,0.09582620109145941
S_073,S,Large,North America,29.575624468069226,2.635511408895839,1.7382127230664797,36.30805088894895,4,0.24607313218137902
S_074,S,Medium,North America,2.6279873126859767,0.329065421814729,0.8579815741739364,89.47515527581083,6,0.2721295522907574
S_075,S,Medium,Asia,0.6047887165333563,0.11625077365254052,0.6021124061689118,21.572897079067925,6,0.4023995327161081
S_076,S,Small,Asia,58.564987273788205,1.0603068193960317,1.054373061870313,42.64904402666211,4,0.5905354538010601
S_077,S,Small,Other,42.15023168316613,0.1784463180923443,1.0713266571973294,13.57263715980022,5,0.23015117065232754
S_078,S,Medium,Asia,46.23566048559634,1.6909798811769032,1.5954716165014506,43.92598110878904,3,0.20102507981860146
S_079,S,Small,North America,6.5464644797788685,0.9265534595816937,1.8574464012554834,13.48621707822123,3,0.7564098693751851
S_080,S,Large,North America,19.421918332444456,0.49205875952634176,4.448008460917362,58.05101596033131,7,0.24216681340787927
S_081,S,Medium,Europe,43.83994808035425,0.4278941200200803,1.6637523249788644,60.07713859917027,6,0.18297770171524766
S_082,S,Small,Asia,21.152521398933825,0.9135608604787647,0.528119472116863,25.829661248454357,4,0.03343281023368827
S_083,S,Small,Europe,33.60670612184323,0.8720953415838899,2.8673282787319847,27.64883662422077,6,0.05349319468898606
S_084,S,Large,North America,11.265975163922421,0.7172513547222217,1.9899984801692374,31.941410756073658,4,0.19589487681817627
S_085,S,Small,North America,30.300274806096283,0.3512163058953593,1.9872535612908138,47.40714310498269,6,0.12820926100293323
S_086,S,Medium,North America,16.69229179248588,1.1992430472797755,0.3925966693638825,40.87015164741855,4,0.45797482730189093
S_087,S,Small,Asia,11.228904842997183,1.2197022074189277,0.7092362850964284,63.368766564392146,3,0.4696530377461887
S_088,S,Medium,Europe,7.365996212748876,2.453134803729122,0.8394188074265065,53.534746187779135,2,0.6414729703714606
S_089,S,Small,Europe,2.542256475551392,0.9935340884489177,0.28551521952506026,15.093965361428168,7,0.26875454329028275
S_090,S,Medium,North America,8.281367295893567,0.3712676148684599,1.4190495982363123,64.71014211965849,5,0.2117221140039122
S_091,S,Medium,North America,3.349449535517005,1.0892748696983747,2.2065252182935278,59.35053475191876,3,0.039773042467987164
S_092,S,Medium,Europe,7.322074084313062,1.500210826291392,0.9740564294023945,51.959584243851886,3,0.29230229569214045
S_093,S,Small,North America,1.560702632745776,2.000748186373262,2.7986742949465064,52.12047349319929,6,0.014387172035824111
S_094,S,Small,North America,15.825720646348762,0.8686707564133772,1.4010368939215194,15.368001504691932,3,0.36647090994873116
S_095,S,Medium,Europe,9.2350052838249,0.6341336806376301,0.8318093108130848,38.83603265551224,2,0.1939844321061778
S_096,S,Medium,Asia,30.702104513193063,0.19535809590090786,0.519643535565531,41.86559269001954,3,0.48375314154916316
S_097,S,Small,Europe,4.106835540658156,0.8235646324367121,0.8450025055287389,50.877060081038195,2,0.12952811832274264
S_098,S,Medium,North America,1.2341840551397372,0.8077232336773018,1.1625727785439297,70.67562720213516,7,0.09241972192771485
S_099,S,Small,Other,187.9098487507746,0.5003066919206388,1.6398255033834197,56.99248880256222,2,0.4105774245043222
S_100,S,Small,North America,4.2717247697759335,0.9583187806107568,0.6643931865563406,64.48216987270578,4,0.36726113123900356
S_101,S,Small,Other,32.91970875475159,0.4340631578079887,0.4129541196785999,37.46306269634075,5,0.30843268406595703
S_102,S,Medium,North America,17.034339226010157,0.704782366787328,0.5191827976271982,15.504651159359973,4,0.31137402371129297
S_103,S,Medium,Asia,25.954475344661176,0.4107373951084239,1.9074081037380546,56.02316679074726,6,0.25662245134991546
S_104,S,Small,Europe,15.51279428414168,1.393128392458064,1.59775897741107,84.02524671270592,6,0.22774448247174323
S_105,S,Large,North America,51.007552536076,0.5891201428375565,3.9085000584076077,50.920072947344714,4,0.13296735647492133
S_106,S,Medium,Other,2.168903629657366,0.1,1.579109242827076,58.98886247809635,3,0.04453800926436454
S_107,S,Small,Europe,3.1696735515854635,0.9582273818948993,4.327557412220246,73.29921969134115,6,0.2795032984309865
S_108,S,Medium,Europe,1.3330457061585994,0.7144731709809616,0.6382789304256057,42.97135656551953,9,0.47329311593299767
S_109,S,Small,North America,0.890264430795651,0.2818741969996993,1.4841972538568342,18.473409516557226,6,0.14611681124915524
S_110,S,Small,Asia,0.1,0.7337249695749252,0.80306810436847,52.031613841125356,5,0.2665058948831771
S_111,S,Large,North America,29.089489964927278,0.4149673966297126,0.860462853168866,44.78970692613617,4,0.4075789293825038
S_112,S,Large,Asia,0.7090574080122678,0.5363566365816068,0.48389177911866627,53.50583276082155,5,0.24639626393630806
S_113,S,Small,Europe,4.743086763945862,0.9355699329198582,0.6482341956428811,46.292158245695624,5,0.03398861780394712
S_114,S,Small,Europe,5.616200335386717,2.073139512063484,0.7838709574386122,54.03715814159223,3,0.07758936082744121
S_115,S,Medium,North America,11.896067723392514,0.8128993655641604,2.4691808285218233,43.83244204480797,3,0.1336636346100242
S_116,S,Small,Europe,29.336820571483223,0.47217242677844357,2.9753913054249486,53.05115434518692,5,0.4403292219860998
S_117,S,Large,North America,3.2551517925751847,0.5427992380548164,0.5701584193361698,51.353985983901914,3,0.16765660233551122
S_118,S,Large,Asia,1.5014175689194376,1.1415059323419603,0.4437474000437871,41.1712208684662,5,0.11992713100496782
S_119,S,Small,Asia,4.685664373068476,0.10116460065028651,0.1232411827813556,35.882670193583515,3,0.33552196724204514
S_120,S,Small,Europe,83.35124400864682,0.6421111094834265,0.2995828644909214,63.65779398879472,4,0.06764099286707154
S_121,S,Small,Asia,17.814998274708415,0.5628368758326401,3.3189003595965163,60.18819001580755,3,0.5886543810835548
S_122,S,Medium,Asia,1.1994524513170401,1.49614694585832,2.1555752369080188,73.49822902342824,5,0.19252517781702655
S_123,S,Small,Asia,15.953188213731053,0.6767732858971669,2.477839606251621,37.098668510175145,4,0.260824709139094
S_124,S,Small,Asia,1.5211648214527398,0.3166388971180753,1.8264169632666474,58.48703570531238,3,0.4521349649971972
S_125,S,Large,Asia,2.4579263303658094,0.856829586588807,0.5865925253256407,48.57553474102178,8,0.5263449027957744
S_126,S,Small,Asia,46.1871134154667,2.549677427194673,1.4127681076689438,20.970512821542474,7,0.16189694123113943
S_127,S,Small,North America,3.8808207439995934,0.4615232806499034,1.118601781903665,13.982179103460115,3,0.23220659072918662
S_128,S,Small,North America,37.58929771385041,0.513366271114069,1.4556949527873266,48.19794942356533,2,0.15860854273246505
S_129,S,Large,North America,37.122359460863876,0.4545992282798641,0.3013937250562788,49.00689976517225,6,0.32613886129534797
S_130,S,Small,Europe,2.938327971123477,0.1,0.7199738106603266,43.031145493615426,2,0.18382981388128797
S_131,S,Small,North America,41.915034374762,1.3791737645309912,1.5889929787526773,35.81343938039343,3,0.3215874263850885
S_132,S,Small,Asia,5.407704597963842,0.10051495164973309,2.24217625926025,52.064677555601705,4,0.26482106879557443
S_133,S,Medium,Other,5.078064718603723,0.12424453050113217,0.7379039527311178,68.784697393286,3,0.5009785658536885
S_134,S,Medium,Asia,3.8758502055091215,0.5205791064166834,1.128712727254898,59.47277449646187,4,0.5094144477005408
S_135,S,Small,Other,1.3231336867564953,0.5821941778753015,1.2233024065130893,41.11805905999346,3,0.42570532098434083
S_136,S,Medium,Other,4.478422058802847,0.1822229211598713,0.31203175614644213,47.749503181574894,5,0.1868439114786559
S_137,S,Small,Europe,2.018674606117402,0.31496897667970863,1.5960044792235215,7.045687158805052,6,0.2234320260889778
S_138,S,Small,Other,3.153274143540102,1.008086556783604,1.8770425337501981,49.62075809256154,3,0.17959099203635803
S_139,S,Medium,Asia,7.071734480642817,0.20453981504029237,0.6386063803239481,48.60706873995311,8,0.2468185425051574
S_140,S,Medium,Asia,17.999339871557314,2.842484009077988,1.0992202630120544,38.850592442208395,4,0.11064628471285402
S_141,S,Small,Asia,15.952700578194348,1.2119632407967948,2.2174521632016417,55.45654283862409,4,0.46161306909305894
S_142,S,Small,Europe,2.4172874734881513,0.9041822222811402,1.1989321171128176,45.45286180815233,2,0.2926830299981726
S_143,S,Small,Europe,30.1551344776347,0.3408586688674514,0.6900734551939316,42.67613097245585,4,0.3639338966214377
S_144,S,Medium,North America,11.201698369483344,0.8384848345556738,2.6618161939213194,35.26629178091252,6,0.25674069980206105
S_145,S,Small,North America,3.4437278482170894,1.0690002408739288,0.5746431594714924,35.6071495166765,3,0.35630368530441386
S_146,S,Small,North America,39.980093053089,0.562182602557069,2.4556235211987887,57.763469432519585,3,0.5691495610025642
S_147,S,Medium,North America,6.0410706533149225,1.217939746080937,0.6554036814471322,29.169194743612685,4,0.4243285562218853
S_148,S,Small,North America,18.207072607327447,0.21574391444542843,0.3402080415270996,63.52682732922792,5,0.1535240683819578
S_149,S,Small,Asia,81.72662518317134,0.38858569143757,2.8661545013333463,31.49068898028197,4,0.5910896605795957
S_150,S,Small,Europe,8.833290622122501,0.6943110157998036,0.5474710854888822,81.18923132419374,1,0.3806987361056626
S_151,S,Small,Asia,16.78824052829226,0.9137371432919882,3.6553817521559497,41.43457312965539,2,0.28270643969251813
S_152,S,Small,North America,75.45453030708529,1.6482899445542525,0.3679579443930461,55.05329845916008,4,0.3779723186159586
S_153,S,Small,North America,0.6282712891316266,1.2303241504208018,1.387366726033854,35.06803731798601,4,0.14744566634925274
S_154,S,Medium,North America,40.86294073433313,1.3171799126866932,1.1034443063164339,49.950975012189325,2,0.45752338478996685
S_155,S,Large,Europe,169.74682843817317,0.8357906197685949,0.26026527188336135,57.622925130596386,4,0.30863986337204286
S_156,S,Medium,Other,4.953138946190786,1.157145459684242,1.754493380804894,45.7194216897232,4,0.2740968210693511
S_157,S,Small,Europe,7.604359232831857,0.3540217957915817,2.388681640206041,48.48233924613053,3,0.08172918633541386
S_158,S,Medium,North America,5.412893084342456,1.5424820653629745,0.9187985988316438,38.44920395939107,3,0.19664490563810966
S_159,S,Small,Asia,5.630305706159163,0.23198547800406047,0.2683615888352385,46.50780141762243,4,0.503722759660309
S_160,S,Large,North America,22.1125689715133,0.18537938701512205,1.367261016585113,48.20855802302223,5,0.313869862271406
S_161,S,Medium,Other,31.088045066141934,0.7171207050822616,2.529694538016994,23.232364649226618,3,0.6230906908388943
S_162,S,Medium,Europe,9.958457799447462,1.6979874296080388,2.2537948455454293,46.642059060709336,3,0.3515959562272074
S_163,S,Large,North America,0.15920659590187863,0.3101004478112581,0.49692027448960546,55.19059924434755,5,0.1344569351729535
S_164,S,Large,Asia,14.777287001036006,2.1753394777142616,0.22901387698385478,72.03247212647169,5,0.524202286820919
S_165,S,Medium,North America,24.27391410794995,2.899323523958368,1.965058833932233,58.31483138810754,7,0.2812038967746844
S_166,S,Medium,Asia,14.682543912681817,2.448883413221103,0.1,43.87686092690266,4,0.08691220270426116
S_167,S,Small,Other,7.4677573855195245,0.4756385630514302,1.1023750074146483,49.035361022063,3,0.17637335213199237
S_168,S,Medium,North America,39.14873012226909,2.809907338979375,0.9871539681054475,47.15082701013377,3,0.04729064213630832
S_169,S,Small,Asia,3.3078479289799505,0.1456907127751644,0.9348878214088391,42.550187890741526,6,0.18445717759507024
S_170,S,Small,Other,7.761654289543704,0.43335304833116123,3.5870836980513796,35.79958781222575,4,0.4169357229266689
S_171,S,Medium,Other,2.5027588664497262,0.952760954005049,1.24905523456222,47.78538884611589,5,0.3403241826897958
S_172,S,Small,Asia,5.352878573195293,1.025076031911839,2.73386381517326,62.5438498864166,1,0.05908262657987156
S_173,S,Small,Asia,17.23442589226368,0.33322137628837933,0.6250170378904584,42.8860812858357,4,0.3796526993510353
S_174,S,Medium,North America,11.48838119211488,0.690996829216317,0.7341384650202059,31.942243412284668,2,0.23816142530429382
S_175,S,Large,Asia,15.635245073425459,1.176648904751193,0.3469320004827584,48.101621697516244,4,0.3908689255543855
S_176,S,Small,Europe,11.654913997135168,1.3912642805758872,4.993114307165483,33.74095653628177,6,0.13442909729669036
S_177,S,Small,Europe,7.237265059795441,0.46269668634115646,1.610970196050725,39.358014285387966,3,0.47201084756759604
S_178,S,Medium,North America,1.6295096671977263,0.300245551102984,7.287051622891565,63.6701937110518,7,0.5729430124026434
S_179,S,Small,Europe,9.610124021507518,4.627222130157364,1.812897522120284,57.704956315341875,5,0.10425571292167236
S_180,S,Small,North America,8.74216106230528,2.5429599749897416,0.7265501836477297,26.122426339869982,4,0.29794200100473117
S_181,S,Large,Asia,0.3204077599737414,2.1184505689345925,4.349441210765308,50.84421266056356,3,0.2340050558522149
S_182,S,Medium,North America,1.9289590719381773,0.5966881357572856,0.9021715999293133,25.733544383886002,3,0.334388949739331
S_183,S,Medium,North America,47.7866883366383,0.9214904004213903,1.2792195995471192,63.35353323627941,5,0.15521976788527783
S_184,S,Large,North America,26.38105986466528,0.9631867688644812,0.8347585552620992,40.57831073550385,4,0.5422036425541623
S_185,S,Small,Asia,5.602494603805029,1.9734758990799814,2.603780417625188,41.86568767163979,1,0.53825771261637
S_186,S,Medium,Asia,71.48687732975499,1.375827689144143,2.3255722880885403,51.14644193939246,4,0.1251635140894967
S_187,S,Small,Asia,10.247114113088504,0.9625444452871278,2.5609414720491275,72.13959524599665,3,0.2636956654085236
S_188,S,Small,North America,0.8973130072744644,0.9851967181883483,0.8970190123388012,61.62506529955726,3,0.5358058793501186
S_189,S,Small,Asia,38.76784223899236,1.1695173454145988,0.36113097529379024,53.28449906519285,3,0.4817789280886405
S_190,S,Small,North America,0.389092358727974,0.6365301794651936,1.9081518989826494,26.469842742809927,8,0.3607266323714641
S_191,S,Large,North America,18.51725853550564,0.7720685345198784,0.877768136926714,63.22195585341578,4,0.14096130434505647
S_192,S,Small,Asia,54.23898765624103,1.7338888282141178,4.696976056971924,69.50922275285473,6,0.48148418081559496
S_193,S,Large,Other,0.3166241796835862,1.7838555712618251,1.984934377446091,44.00785072689499,5,0.11313620646801187
S_194,S,Small,North America,37.2062576784091,1.9071180570333943,3.9405506907849808,74.80591667549162,3,0.10746937486479233
S_195,S,Medium,Other,26.601403161489525,0.3472178451600709,7.654699596563223,20.179075853850037,5,0.44036761708070377
S_196,S,Medium,Asia,5.909092113700195,0.29584148140775335,2.085413799537347,54.442943763327165,4,0.13485524313153768
S_197,S,Medium,North America,8.266113127542466,0.5424536868123272,1.1405425691653013,41.9121085367949,2,0.322893704568592
S_198,S,Small,North America,5.225939652482377,0.79409713667875,1.8923248648695141,26.951987169162834,2,0.072769595519126
S_199,S,Small,Asia,1.3393024790661903,0.5941617783038499,0.5869838178717517,44.528412444378354,4,0.23567547810440354
S_200,S,Small,Europe,7.591752593228931,0.7823816280650107,0.6447501265921884,43.2485112630713,7,0.19225846619452003
S_201,S,Small,Asia,26.251862969249373,0.19930477748316316,1.0706784002014258,60.8164748245989,3,0.4532608075638293
S_202,S,Medium,North America,0.3182196065682248,1.5245096584353015,1.5699830719389998,28.54046208550734,3,0.13582119848070492
S_203,S,Small,North America,45.92174391156102,0.5440227911718732,1.4569513461749035,32.32652319884289,4,0.3583027272484148
S_204,S,Small,Asia,16.4812934017711,1.9049956850295555,1.1921778580118383,27.241722359212506,2,0.17743415640634938
S_205,S,Small,Europe,2.9733885643765054,1.1650568545243325,0.3466865346086446,62.57493467670825,2,0.19916122631410174
S_206,S,Large,Europe,0.30244684991448845,0.4798653358100803,1.3352407365225645,62.99457118778871,2,0.2833608780951714
S_207,S,Small,North America,12.11280434422608,1.8963334287412492,0.8908313549368491,49.87521204384813,5,0.11566328955915577
S_208,S,Small,North America,9.086290665643462,0.8939734736618559,1.611181156609047,68.67177086343277,6,0.3150681796139592
S_209,S,Large,Europe,35.07773091109163,0.5011038174891285,1.1100302533048667,59.94855765869171,5,0.17349911218722008
S_210,S,Large,Europe,1.3210976119478826,0.15778178686602,1.3435640391445243,57.37123509858447,5,0.3237361290867662
S_211,S,Small,Asia,1.3824713622453642,1.8023196663629735,0.4860526002748417,37.06533437903977,3,0.26974449410201506
S_212,S,Small,Asia,11.079383484602157,0.27118118814121067,1.1020160203064515,40.840259151510296,8,0.38605654808485185
S_213,S,Small,North America,8.499935382554616,0.9331974403808256,0.7475150092641014,51.35012922912863,2,0.5273555167568158
S_214,S,Large,North America,5.853919440693402,0.7914682212394172,1.8550264019640275,46.942506765121486,4,0.14977908369641718
S_215,S,Small,Europe,3.6448420175055407,1.8217595303371197,0.8662371964949952,43.97583566040993,4,0.17114205976428037
S_216,S,Small,Other,41.71459641056142,1.0696347831721738,4.548233939996869,27.7901704852749,5,0.19735423817859774
S_217,S,Medium,North America,1.895509679304022,1.3849578251279613,0.13905670008074825,51.382348998603455,3,0.28228321570121734
S_218,S,Small,Europe,2.0438634386232075,0.6128772062940303,1.0038665810743792,27.002104167306026,5,0.1939807155807877
S_219,S,Large,Asia,5.033442569643096,0.25318099396550414,3.977890665509319,34.00450506714016,5,0.7703271058261555
S_220,S,Small,Asia,1.3829519481635497,3.4571710568904823,1.1135912896583222,43.715878657931306,1,0.5733551452427532
S_221,S,Medium,Other,55.70136125217119,0.5631142990882569,3.865454674176631,61.05915839968779,3,0.07568863659634868
S_222,S,Small,North America,4.705398089253102,0.2710460637473394,0.6400436728020465,41.62881569227523,4,0.37732757845553255
S_223,S,Small,North America,0.42145842962279084,2.006811819860903,1.153667075813728,45.466139503125206,2,0.38666083051023814
S_224,S,Large,Europe,1.5972067361295301,0.4891344066022342,1.4068678455444603,36.13774351896293,4,0.2834767219045262
S_225,S,Small,Asia,4.24689955113413,0.8262929105080401,0.763039015624118,55.096980310345685,5,0.03014226480718711
S_226,S,Medium,North America,0.9817926926868757,0.772506104852678,0.94821358774308,25.243021200801227,5,0.28857700493465266
S_227,S,Medium,Europe,16.013660394951106,1.184613427982726,0.736043519427082,39.34949355144652,7,0.25707717040898054
S_228,S,Small,Europe,0.47760255729804063,1.3832397785433712,0.1808222319843087,47.777633052448714,4,0.2671090967657766
S_229,S,Medium,North America,2.4933575152788365,1.5601286806891552,1.8557598581177943,70.00836167326706,4,0.4123269312750361
S_230,S,Medium,Asia,1.5590885513455046,1.0302406521388003,0.5511743246257591,32.29723550811953,5,0.5868872268228861
S_231,S,Small,North America,129.94725413640072,0.9829210873467398,1.4146056808345975,69.33289652324143,2,0.7478936299763437
S_232,S,Small,North America,36.165035966999106,0.3409850464885258,2.716115204495285,46.66915152079913,5,0.23117960749274344
S_233,S,Small,North America,1.3410713576809987,0.3751764027174968,2.948332786384835,31.825153842303916,4,0.12180058997960384
S_234,S,Small,North America,2.758169500942631,0.37077267768644423,3.280309197872599,62.552980637949055,4,0.17930642392627108
S_235,S,Small,North America,0.6816576593144146,0.4902596110852253,1.0574239620840795,66.27797017722055,6,0.00969709107455948
S_236,S,Small,Asia,40.967532682992065,0.9811310337741164,0.5297485835709359,52.98009298232915,4,0.367920607856781
S_237,S,Medium,North America,0.5448921143051306,0.7990199449062891,0.554372649114043,47.94197188535861,5,0.21866816358875507
S_238,S,Medium,Asia,25.845254079291145,1.076514119166593,3.1522545523302625,37.21264015809464,4,0.6940823169931876
S_239,S,Small,Asia,46.758724520320385,0.2806320189134493,1.5714225243776574,30.317786308782907,2,0.556070723943287
S_240,S,Large,Europe,1.3099662783856354,0.14976735481661155,1.1249203370573184,59.399350116506184,4,0.31120624590899987
S_241,S,Medium,Asia,0.5921542970294033,0.33169469219773434,0.48003971552510594,39.619443404266214,2,0.4493230296578294
S_242,S,Small,Asia,2.172055888701607,0.8847990313123391,1.133272082045336,57.058789963210806,2,0.7165080581151355
S_243,S,Medium,Asia,223.00063480922233,0.5986034796034906,0.7285157253645285,58.4797268802735,4,0.35324383153672906
S_244,S,Large,North America,159.22101899834868,0.5076026723904431,2.409201390847548,26.029703523659123,2,0.6538852274221183
S_245,S,Small,Asia,3.325922753012036,1.0618543234528035,3.011163572301423,64.03758984687569,7,0.20742276686568345
S_246,S,Small,Asia,134.6906280995747,0.927690157224065,3.7390732092264525,43.32736759285584,2,0.18717251067737462
S_247,S,Small,Europe,6.026810459355564,1.7522145743438666,0.9812292666955902,70.43584316716297,4,0.33695862589285064
S_248,S,Large,Asia,18.076190018214486,0.5730124837943834,1.1200184124407604,45.783877357462245,6,0.1679866060010577
S_249,S,Medium,Asia,8.611619313825678,0.6530996491230298,0.1,29.841026701066298,4,0.32489303748036985
S_250,S,Small,Asia,3.160742970116665,1.2090298228428138,4.496892337349494,42.25274293420058,6,0.37444283595824485
S_251,S,Small,Asia,0.5751056016740267,1.8958707259103191,0.6173314551966511,51.52155096835337,3,0.22744337496549677
S_252,S,Small,Other,0.26574229408695305,1.117898823692502,0.6477188551954352,65.5214772264572,4,0.11314976053262245
S_253,S,Small,North America,1.1519094378545263,1.8778986460273155,0.7870543402551318,54.2226209595446,5,0.34646909388327496
S_254,S,Small,North America,0.8094859047212359,0.12051289048946329,1.3002711663425277,54.6081440261216,3,0.5747614136531741
S_255,S,Medium,North America,44.34004995269311,1.5955055151350477,1.5334574230827465,68.38197104246834,4,0.2715209438775091
S_256,S,Small,Europe,1.4927911194192558,0.4474444364671287,1.5507596832101025,22.662803731513076,4,0.19538821209530186
S_257,S,Small,North America,18.286833762604356,0.765939207886508,2.654796813578445,52.19519609264945,5,0.32115472557202907
S_258,S,Small,Asia,14.53176674089015,2.9803142947724854,1.334038670058649,33.30220580667542,6,0.34904546012004384
S_259,S,Small,North America,35.931637266931126,1.8669231346043456,2.4871937948339458,15.326621259377845,4,0.3587973106049963
S_260,S,Large,Europe,2.836538728898766,1.1361315365701772,1.6283226990331379,43.14400979850365,2,0.36444295209713784
S_261,S,Medium,Asia,3.739491462249782,1.4477073751308378,0.9357947616107153,51.67160711747392,6,0.10198880164018344
S_262,S,Small,Other,2.9365002655951375,1.8646830625028488,0.41046328652609687,42.867801945891806,5,0.32125265542061526
S_263,S,Medium,Europe,8.242561415586932,0.626831582596565,2.738327603227501,24.830264587958624,8,0.19992278683474024
S_264,S,Medium,Asia,36.09132234062693,0.6986969206545944,0.5861209864213496,46.09086941104931,3,0.21131173512506918
S_265,S,Small,North America,2.4731757765245415,1.1381333508275113,1.374490430256039,49.2151387542271,5,0.24528202912634875
S_266,S,Small,Europe,2.9064947203741682,1.2689245863868504,0.5468698125554552,72.4089225743552,4,0.3980382905113618
S_267,S,Small,Europe,2.5293920679420583,1.2171387198766057,1.493683313545687,40.67411699549552,3,0.19838658216431834
S_268,S,Small,North America,6.298227063055157,0.5733923539447742,0.7385561162516643,15.466152863758754,4,0.13883213905665712
S_269,S,Large,Asia,10.723213734351067,0.3489835463267028,3.1835253162700576,54.97054117999665,3,0.24862235523960224
S_270,S,Small,Asia,2.364213299715493,0.4762225891697652,0.2472281726357708,44.761232324966365,2,0.42010819396830806
S_271,S,Small,North America,4.526530175049118,0.6088095359275157,1.6541988108613308,52.27501937284842,2,0.15768137493612672
S_272,S,Medium,North America,3.980387883348118,2.3129215920745523,1.405485071902718,35.411541580798016,3,0.1159184822133583
S_273,S,Small,Europe,2.009536583441332,1.3316475749343648,2.358260981693759,32.15252643886201,3,0.31599410767455666
S_274,S,Small,Other,6.137433024694804,1.121844727521585,0.8426307576921103,64.72169738394756,3,0.1638868450190974
S_275,S,Small,Europe,26.916115725649018,1.696992038082776,0.3375239378616701,63.564806362679974,3,0.23667253383048523
S_276,S,Medium,Europe,0.9440136115787926,0.5566554526054177,1.9639119149744246,40.080871195989616,2,0.42764823862910917
S_277,S,Small,Europe,5.888793686555288,0.532938089903208,1.078804748618707,29.080597024327773,3,0.2047063595008486
S_278,S,Medium,Asia,2.2018326262429295,0.21952643792620627,1.5029957428661866,28.539475215434003,7,0.15966942042884688
S_279,S,Large,Europe,5.504572017990129,1.0404187983226008,1.2310123771857389,55.47481223634303,6,0.13985257762350384
S_280,S,Medium,Europe,21.452123828294724,0.7555685683517226,0.8277603253351142,33.87024857862083,4,0.35423204659311225
S_281,S,Small,Other,2.0804575429808576,0.38298632632184054,0.1,29.792911010402058,3,0.31749253444546327
S_282,S,Small,North America,1.2445846967903922,1.3463077656357734,3.6159958826518093,45.90128991922745,3,0.35969416552293865
S_283,S,Small,Europe,2.3190250884511254,1.833767722615131,1.245230759788233,46.45455265141275,4,0.1176541685690398
S_284,S,Small,North America,17.387660926964184,1.3098631777523704,0.1825812493398613,53.829790190736524,5,0.2848720449327656
S_285,S,Small,Asia,2.5670740374908703,0.6023400146065085,0.48817637711038686,50.33503422844844,5,0.11167009141658503
S_286,S,Small,North America,1.3699290499490369,0.5398025470456921,1.9283362832703757,33.5956357865403,5,0.4210676453720576
S_287,S,Small,Europe,2.0376168376464694,2.4079087347090806,1.7415699752703055,45.2702530806667,4,0.4173996450133807
S_288,S,Medium,North America,2.9598803809912733,0.3455166816704375,1.5492354937981285,43.813989872031655,4,0.09897207471829263
S_289,S,Small,North America,117.43066073654246,0.4239624646380885,1.0826094077574309,68.97807168144512,4,0.504495061438049
S_290,S,Small,Europe,1.3069563414999663,0.9726154666851907,2.291058095606814,58.98652306432001,3,0.21064687555536693
S_291,S,Small,Asia,13.329246087416061,0.9160726644606547,2.20894732866019,37.48130792649782,5,0.3957962702625133
S_292,S,Small,Asia,40.08735771564673,0.18271107966264155,1.1892059864714606,39.5532500826665,3,0.029285957783651433
S_293,S,Small,North America,2.5927017742503105,0.7959735123064512,0.876809275896715,46.19634790348824,4,0.227078479564739
S_294,S,Small,Europe,62.22497403058455,1.677980385786434,2.2975422312422267,54.740470265062896,2,0.26362816064845596
S_295,S,Small,Asia,27.918422703681077,1.716533562408266,1.1494823546957873,34.85638187636364,6,0.12883176731823176
S_296,S,Small,Europe,0.43386786195839955,0.9129424613668419,0.7788528644853612,70.26522774187471,5,0.4483865092366132
S_297,S,Large,Europe,8.565542954793777,1.551227948142555,1.3377066857764564,50.719644183971766,6,0.3964742764697872
S_298,S,Small,Asia,7.01616870303323,1.221512071416951,0.8985472611380989,45.19242965315528,4,0.37952028840061586
S_299,S,Small,North America,2.505341257295322,0.5582430086015819,0.5636624140861768,44.860671576482765,6,0.42233208186892124
M_000,M,Small,North America,107.63903699743189,0.4333132508014726,1.6440262923730933,25.833746943845377,9,0.30275517879692326
M_001,M,Large,Other,79.95929989980334,1.139249565168356,1.527284390112871,19.0979159320057,7,0.3654045047170091
M_002,M,Small,North America,27.340736651180606,1.0173422285244371,1.340592300210857,35.583364232117056,11,0.5844519761384364
M_003,M,Medium,Europe,155.0815289911165,0.37443152751413095,0.35053103789012285,18.205403354922197,12,0.1727621506995864
M_004,M,Small,Asia,42.58240229723822,0.20411214002489617,3.3389411299751366,36.2194581095221,10,0.10567131611715393
M_005,M,Small,Asia,5.012126558825554,0.16939946585671362,0.20716118515386786,28.98719281298467,12,0.217283557353187
M_006,M,Small,Asia,5.579683208385384,0.5734025626034239,0.8611131413344834,18.79816561312795,8,0.31551649822508615
M_007,M,Large,Asia,8.460307064815503,0.26616657224336343,1.7876867543517687,33.83435031403644,7,0.13738503098181298
M_008,M,Small,Asia,18.93790959581109,0.1,1.9993894134632277,18.463077186601417,13,0.08143722411146358
M_009,M,Small,North America,8.850051225019515,0.6323181232537793,1.6906658058485537,37.158727446909595,12,0.19084904010217205
M_010,M,Small,North America,109.21701329834086,1.207671222800372,1.3708231722643218,40.53920911406453,8,0.2835259450070612
M_011,M,Medium,Asia,15.67362218311301,0.9429958199596138,2.1915154575683817,16.42482460158065,12,0.26490331336151196
M_012,M,Medium,Other,28.496768245215662,1.4047805349159526,2.5084841018474724,25.436135386625246,10,0.25996895257617797
M_013,M,Medium,Asia,10.078974708382523,1.4821679034258959,1.634639795516979,21.55675962816929,13,0.48800534673236257
M_014,M,Large,Asia,25.66166803589187,1.7757428368438941,0.668380757836223,30.99886954409213,6,0.4021331582156041
M_015,M,Small,Asia,8.26029298748852,0.1427353332438496,2.0777152135348094,43.985910046261054,10,0.13110554261748872
M_016,M,Small,Asia,77.37188115826703,1.5456611460125085,0.9337607021390639,37.5656467491314,8,0.43891470920122155
M_017,M,Small,Asia,95.33300374981964,0.700859496031507,0.4851886054091315,36.75509997679785,12,0.3415786146049722
M_018,M,Small,Asia,31.21672786294255,1.0672101211107963,0.5082179414613166,40.57814180820796,6,0.2118446210600289
M_019,M,Small,North America,18.44426629855324,1.6525968413158356,3.936652892374363,34.15176602323072,10,0.3218210946738457
M_020,M,Medium,North America,26.621780533372895,0.793431392576807,1.1161247668718337,37.662429750405096,12,0.3580111151009256
M_021,M,Small,Asia,30.106283096323473,0.522773682641973,1.561602474195126,26.950777876426727,6,0.2255875980214821
M_022,M,Small,North America,43.236401335824624,0.751613182303087,3.050431915162087,30.141492649657582,10,0.0851876323967456
M_023,M,Medium,North America,42.5791246030314,0.23617658209021172,2.7140033885972863,29.883396441111845,9,0.2725200174720882
M_024,M,Medium,Asia,25.555367569394914,1.5002787151384407,0.5192208773782869,48.31622284658387,5,0.45535403383085515
M_025,M,Small,Other,186.8552040375689,0.4176815874617,0.5157042735614564,52.73941038677201,7,0.23896722221557073
M_026,M,Medium,Asia,5.186583441592231,0.40543324664164404,0.8404662009072296,49.48244325134776,15,0.11633666218791103
M_027,M,Large,Europe,77.0248548298824,3.2311762714978927,0.7139486794509315,27.522861574970463,11,0.5419462894777377
M_028,M,Small,Asia,88.88463891663413,0.2431166585139677,2.4417842863444155,45.63900144899533,9,0.25811781925255883
M_029,M,Small,Asia,29.98634080036802,0.8696557085922163,1.0571740092151385,32.70836515833955,12,0.17907674722087305
M_030,M,Small,Other,59.626228567494465,1.118286254423686,1.6963789084679612,33.56972759266926,8,0.3666994570227827
M_031,M,Small,Europe,30.051097861452323,0.7228403346025264,3.9812590080827586,34.06727469461114,9,0.14597116684999648
M_032,M,Small,Europe,60.03729936954786,0.3988191368887159,1.6675356838394007,28.348770777781603,8,0.17276146399727602
M_033,M,Medium,North America,12.498779721311745,0.15738328621373215,1.9846901195934792,20.055714782002077,13,0.7071269380901727
M_034,M,Medium,Asia,12.40981246746523,0.1,0.6131608376200554,37.30958976376216,8,0.17851717078564286
M_035,M,Small,Europe,3.1923390531752736,0.6376588813870824,1.6616825164685112,45.825549693125325,8,0.2814026372372381
M_036,M,Small,Asia,54.47758749388303,1.190599295944219,1.0684409126843513,21.54326895505887,14,0.24151583404471094
M_037,M,Small,North America,69.66419900186094,0.286425340567873,0.3942080291035833,28.01515541484939,12,0.17449361685921352
M_038,M,Small,North America,69.41571701350719,1.4295310722701093,2.3309136551913516,25.242045559950988,8,0.17847638783907954
M_039,M,Medium,Europe,17.697831465064265,4.086630178259559,2.585668623347666,38.68663042355715,7,0.07300470088509235
M_040,M,Large,Asia,172.20700356120807,0.43892375002465034,0.8216138892625634,32.010149807086535,10,0.2521987352402961
M_041,M,Medium,Asia,10.380411268822247,0.4755101899252343,0.5923877691017779,36.44518491645292,9,0.39196340970920074
M_042,M,Small,Asia,92.56453993666118,1.991468502152453,2.808575774641698,46.63732832143474,9,0.32846865290723154
M_043,M,Medium,Asia,24.624392682577337,0.44231567779421505,1.8413868055585438,30.031477269063267,9,0.5714747541523155
M_044,M,Medium,North America,85.15046632187766,0.8674960927473773,2.7505139583118092,33.268554006104374,13,0.09173512220671315
M_045,M,Small,Asia,14.490845981711843,0.22874462967494863,0.19096309451168092,43.784696274615044,11,0.13795649225014073
M_046,M,Small,North America,70.23970574195171,0.6282044216761685,1.8675539010660276,37.114105794654954,8,0.5445225175427054
M_047,M,Small,North America,59.461544061348185,0.7376729147281654,1.568124803420041,24.445552071349987,12,0.47594059769645025
M_048,M,Small,Asia,116.37550685454455,0.1656379042112602,2.752269051441967,37.31000626785482,10,0.311999654154193
M_049,M,Small,Asia,4.34608309715653,0.6905251886351716,0.26977164201112946,34.29178119874999,11,0.4193819213523047
M_050,M,Small,Europe,116.31408406878144,0.7967889522308748,1.5106818968467965,23.071348765279883,14,0.45268439725286
M_051,M,Medium,North America,43.19790369782696,1.5206424471848037,4.623577712895737,30.845184758153273,10,0.15257261356750226
M_052,M,Small,Asia,8.6183933119095,0.7379980444936934,0.792325233153139,37.061285491093265,13,0.4382982372064318
M_053,M,Small,Europe,6.14053898258319,1.3062662778773322,3.2045800754428773,26.748372675783752,6,0.14518071299030802
M_054,M,Medium,Asia,73.71798609215794,0.986533611087412,1.7431527167714942,34.79507548001609,8,0.29400493428381563
M_055,M,Large,Other,20.30866965038192,1.3550391452395665,0.5131072927755682,17.778239348489876,10,0.17890671530024296
M_056,M,Medium,Asia,72.25972153714874,0.42173886276077327,1.1714666395051374,22.338791693893292,10,0.14369544270645251
M_057,M,Small,Europe,19.383368057098515,1.5595102214455816,1.4646507512129066,32.54426457426721,8,0.1842782574896646
M_058,M,Small,North America,69.69272930097293,0.8013947247365012,2.106431787185613,41.59839966388344,10,0.2052252630004814
M_059,M,Small,Europe,18.021934671505367,0.3898419876748165,1.6187111664787284,43.2075012782616,12,0.38015848673378005
M_060,M,Medium,Asia,40.502993850337965,1.5378407052598713,1.2882850313017582,38.19373268139407,8,0.37679577214659354
M_061,M,Small,Europe,13.64759071974792,1.0434769197686702,1.5721710998975933,23.415900648816592,7,0.48056301957212866
M_062,M,Small,Asia,78.96177472902377,1.089327468034207,0.9947794062362993,36.098290776634926,12,0.09151606701773211
M_063,M,Small,Asia,176.12357263982418,0.7528463003452536,2.091935003921041,27.913316287795343,11,0.14498173402351944
M_064,M,Small,North America,5.910262135234229,0.10658602213773168,1.1147913960450113,32.232809132553705,6,0.10424705293154089
M_065,M,Large,Asia,42.62170575455153,0.1,0.7762824508995742,42.254705453144695,9,0.29045175628840575
M_066,M,Medium,Asia,83.50968924487205,0.5490716712341,0.5002586893951828,32.608231676775326,13,0.4447911692591486
M_067,M,Small,Other,11.179285986916836,0.36658616197662935,1.058303857357143,27.63895989080792,10,0.25341344042433134
M_068,M,Small,Other,186.8238874609486,1.0186448905104257,2.0687972773416865,36.08735589124417,11,0.30389874482786366
M_069,M,Large,North America,52.065797981913974,0.14328007677381688,0.16920798684815827,31.02858577932334,8,0.5035861547979019
M_070,M,Small,Asia,48.124385830233884,0.7025792275955381,1.8966082638757031,39.08812411349969,9,0.27934675019528993
M_071,M,Small,Europe,8.04515577137434,0.5950719967539178,0.39121360205797584,25.78405937442397,5,0.43173816934162806
M_072,M,Small,Other,16.081453793020394,0.3645915730769545,0.9667208194365812,18.737617929139372,9,0.6088810173352223
M_073,M,Small,North America,9.54892805985638,0.5762481134098291,0.21841578910543727,27.310838053021985,10,0.36405046190227525
M_074,M,Small,Europe,69.66003071983548,0.1,1.3744818815858493,30.36782833174235,11,0.20065351197659842
M_075,M,Small,Asia,61.199240198290084,1.1824176441247753,1.4516205482711675,16.179824313075624,8,0.2682970378252637
M_076,M,Medium,Other,139.0227606909794,0.10494455673139656,1.7303433927239393,25.823940322281214,5,0.24158103414537463
M_077,M,Small,North America,126.76801987242808,0.7084871442944959,1.115503585059848,23.553240488365084,11,0.10588036511862686
M_078,M,Small,Asia,21.36407615285421,0.1,2.5699268695615767,36.48943606259271,8,0.42132888786001316
M_079,M,Small,Europe,42.60189094967418,0.5426139811856386,1.3280114099109441,36.900736763366126,7,0.3198589295238436
R_000,R,Small,Europe,73.4819259752015,0.16054665900572565,3.1758300145684073,28.12902301546181,18,0.04563857026523604
R_001,R,Small,North America,254.76052335826552,0.7022330994581982,1.786442653123584,34.28278544773579,7,0.1709244873742157
R_002,R,Small,Other,12.88988590937707,0.9862761693689501,1.1662178110481223,32.76252961430625,21,0.01639264044650762
R_003,R,Small,Asia,56.695598118403275,1.107441523551871,1.4606529722452992,23.159797536687957,15,0.024444676642562998
R_004,R,Large,North America,400.96050822710254,0.39253412231092,3.2823824812450164,24.219796930035013,16,0.017584153150694257
R_005,R,Medium,Asia,129.64817538438606,0.4544722530648517,0.4604209237381587,22.444079435418647,19,0.051310781831822305
R_006,R,Small,Asia,321.37435812740165,0.17152359754948723,1.1946454550887065,25.66389935050008,14,0.020596952291587457
R_007,R,Medium,North America,52.2290338604971,0.7159487345005208,1.3234428364231627,12.303729907792068,14,0.13207033960637052
R_008,R,Large,Asia,56.74108126559096,0.1,0.8753819868647386,47.59464472802437,15,0.17188884959084913
R_009,R,Small,Other,38.79060894191381,0.3493310918699694,0.8169990936142058,23.311450640918448,11,0.045861821019024106
R_010,R,Medium,Asia,72.63154827773752,0.6571296657725306,1.0327444618878079,19.038657837461194,14,0.055983945025266484
R_011,R,Small,Asia,29.84869346198885,0.7870353810965702,2.1565093287778723,10.573461970490246,19,0.137228875096308
R_012,R,Large,North America,41.05732051734873,0.9558761633847711,1.0095252843339946,38.777240782465555,11,4.8155748495801935e-05
R_013,R,Small,Europe,16.202958744500407,0.6373506471582436,1.6245078749268123,21.96718601321002,16,0.004542100577816116
R_014,R,Medium,North America,1199.7753473236542,0.7331427867001008,1.0438193981604527,26.618243260969752,15,0.28668734622414543
R_015,R,Medium,North America,15.909218084644696,0.1,0.957247947184412,32.7323540041649,15,0.05516752057696119
R_016,R,Large,North America,26.314770921860873,0.6917230515168924,0.3985595780881893,30.580695762713592,11,0.03216500169451246
R_017,R,Large,Europe,15.918145561162055,0.31362977769175804,2.153772494140788,14.803847141541045,22,0.05257510196431839
R_018,R,Small,Europe,4.9988997872678755,0.7428842414936707,1.4505068633757658,49.786395472570064,11,0.3206940963854332
R_019,R,Small,Asia,36.21529405334004,1.982517028448605,1.2788032215998297,34.53390268657142,15,0.019381631561173784
R_020,R,Small,Asia,106.96692754727353,0.1,1.9735950951690493,15.001437283285087,17,0.011102559217776054
R_021,R,Small,Europe,48.95867525004026,0.6034769451316906,0.3492526516960647,27.328054899710512,17,0.005663621190511089
R_022,R,Small,North America,320.7640001571374,0.7779417088774045,0.5755452470295669,30.767975623245086,15,0.04310819747697582
R_023,R,Small,Asia,100.71877366757961,0.22883575202633644,0.7246917688534211,5.304162352880667,10,0.14739327226561094
R_024,R,Small,North America,142.67622519632087,0.3224402135829735,0.8409317154112484,19.915671209475548,10,0.03862654257453035
R_025,R,Small,North America,24.109160345116372,0.7564774671021258,0.38834449411634453,21.42240485544013,16,0.02690306001268827
R_026,R,Large,Europe,10.08337013978969,0.13640789479180246,0.4373890958998974,12.430781191056935,19,0.13218975602782784
R_027,R,Small,Europe,46.90070079590374,1.2646553721335376,1.1888717248199194,16.21609146064162,14,0.05187551100611863
R_028,R,Small,Europe,87.3199445707354,1.0642530872299838,0.3140724107219607,30.16712336220714,15,0.019738851944635788
R_029,R,Small,Other,9.465209369987038,0.2606887423154154,1.5513970423833332,17.82196058001507,13,0.14410755818477092
R_030,R,Small,Asia,31.94188649893717,1.4044198739327935,0.41437970454368744,14.43297315698146,9,0.020310541536998006
R_031,R,Medium,Asia,29.930362917413973,1.3521008490993616,0.5570440011442367,21.58634905815369,11,0.11172291384110138
R_032,R,Large,Europe,32.21121892161146,0.3961807855750219,3.8115422916327995,25.27910357671527,15,0.18170047150424593
R_033,R,Small,Asia,144.85212256834754,0.5870327287634658,1.246544460910815,21.97378764338073,11,0.0007903879945344887
R_034,R,Large,Asia,16.418550306653213,0.22373998220430355,3.1463819132447073,40.930963347335236,14,0.06318171277324608
R_035,R,Small,Asia,93.48193325162322,0.7479575500116593,2.2560456579864763,15.214889484724614,13,0.03513155185242002
R_036,R,Small,North America,171.2834564104892,0.48892167876734133,2.140325039223692,34.12054277196128,25,0.21302769749150022
R_037,R,Small,Asia,482.29799697210075,0.6859316493455786,2.2172487513968315,23.9249514545595,15,0.04052433651933294
R_038,R,Small,North America,40.79300329132474,0.1,0.9091113965453036,29.019997569034324,15,0.051080106070661824
R_039,R,Small,North America,123.99390340479529,1.078333302675002,1.1183425023971598,41.425121469929664,18,0.03391584200491348
R_040,R,Medium,Europe,14.246762963738878,0.7679695757469134,2.9717340405564934,46.13609528394096,9,0.19231082068244154
R_041,R,Medium,Europe,65.37049681855163,0.4641348328150787,0.6094372965459577,16.25174170832262,12,0.27361203862573613
R_042,R,Small,North America,310.1149214136734,0.14818128707957687,2.749567066393614,37.389114360192295,15,0.003168251909248566
R_043,R,Small,Europe,71.11190504193176,0.5673440574901626,1.6858423007023176,26.963232489646494,9,0.1470168404063
R_044,R,Small,Asia,693.4088849155434,0.7069543049756613,0.8287733850488845,20.297149560736,16,0.11349281241628006
R_045,R,Small,Asia,93.1496986907046,0.30034052703683484,0.6962941574767598,28.626036010286168,10,0.03760551349526287
R_046,R,Medium,North America,132.05685840161846,0.2895953122372702,1.5125786563101884,34.37448114619076,13,0.007137358221214996
R_047,R,Small,Asia,24.478632446370636,0.1879510905161387,1.3567089311392997,25.173835927917782,14,0.3232770614081008
R_048,R,Small,Asia,47.18436387562438,0.12252246069137565,1.5549171020306007,18.815762323178376,6,0.3734463374329815
R_049,R,Small,North America,112.6844887777669,0.8318458783856612,0.45226300927957414,21.992514240691364,20,0.06664894532538848
R_050,R,Small,Asia,9.275916657789441,0.5116571404703184,1.724285675262522,21.94808468140726,12,0.02740729026034684
R_051,R,Medium,Asia,143.18763229933504,0.45079283291653954,0.8234121682387958,24.18691321816758,19,0.20835434690593838
R_052,R,Small,Asia,53.714489470114,0.3170569391970507,2.2779281458829828,13.553350387002626,10,0.006844619343578046
R_053,R,Small,Asia,31.429242454288442,0.19952492547998746,1.406682906400886,32.791240959945824,17,0.05455544369518777
R_054,R,Small,Asia,8.486829993997066,0.38476994672333625,0.526620160583567,25.097788387321355,18,0.09530813040788642
R_055,R,Medium,Europe,91.90506300209233,0.44176603509945567,0.8247932103298867,17.99711711132162,14,0.13873276673705712
R_056,R,Small,North America,5.110559008017774,0.2913762357540545,1.6498168028797775,35.66041174132102,11,0.1799411195919782
R_057,R,Medium,Asia,29.817433405703806,0.8623553067085983,1.7898384165855412,36.25096324013195,12,0.12318771644397215
R_058,R,Small,Asia,162.89779439355934,0.22246910467359743,1.0806718072464014,23.73729992127792,23,0.07977276051593721
R_059,R,Medium,Europe,143.62103403279082,0.8599708714713133,0.7956854816065003,21.909564012176748,16,0.032973885186907026
R_060,R,Large,Asia,34.60143482900449,0.17422823375045107,1.3802013985530543,32.35897212763544,11,0.08118201241252145
R_061,R,Small,Asia,42.88702940192311,1.6226751585022925,1.7369710409329688,32.90188080820246,12,0.01694756441667191
R_062,R,Large,North America,27.665116571943578,1.1845004418284943,2.482293880500122,9.421260206873486,18,0.08315265052719267
R_063,R,Medium,Europe,15.806353626728498,0.9331290552978887,1.212967021553723,37.36586513722813,14,0.059065316626316006
R_064,R,Small,Europe,86.2318902368264,0.37022208182588723,1.9053286499590123,35.5455765378722,12,0.207831586916888
R_065,R,Small,Asia,62.741849865388566,0.5650784059019807,1.0107668004069361,39.46072257753846,17,0.13555970052958002
R_066,R,Small,North America,101.8902183597131,3.2265879023487716,0.6527055019918808,8.383041169809008,14,0.06004687335542535
R_067,R,Medium,Asia,32.701181312705266,0.9837696119312773,0.3348383889110784,34.460754872559114,13,0.02203159775623644
R_068,R,Large,Asia,27.727025024362323,0.5073715049477198,2.446385544902893,32.25235325687971,9,0.05548552000438988
R_069,R,Medium,Other,32.616852443053254,0.5274873661661083,0.5433617784953532,28.50934370046608,15,0.3436235983268764
R_070,R,Medium,North America,307.21629473399236,0.645101426087839,0.5350148575138888,27.64091032376755,13,0.01813338703879881
R_071,R,Medium,North America,91.9688009162853,1.5018925840257176,2.9467620462320405,16.740168256841024,15,0.00976674421675462
R_072,R,Large,North America,212.15659590503452,0.8583891533267949,1.1548994786341693,35.420723174289854,18,0.10971614617155585
R_073,R,Small,Asia,29.11722003584006,0.1,0.9715550463093396,23.80079108273296,14,0.151659292289643
R_074,R,Medium,North America,224.67224863576752,1.0544090357144413,0.7262932062885248,18.871638380796803,15,0.1993121522519364
R_075,R,Small,North America,12.103258839999864,0.22225303018749532,1.9032888009742825,11.544957159819695,11,0.15408515877037665
R_076,R,Small,North America,17.6094800010288,0.26380634550176507,0.976579847636128,25.300598874686926,14,0.08665746376277474
R_077,R,Small,Asia,42.77576260166261,0.7413301737487156,1.1144210149366307,31.027234967033483,13,0.1318477171356335
R_078,R,Medium,Asia,61.64100303234525,0.640562328053412,0.7216082298353581,16.791353246435005,17,0.0022633298493941875
R_079,R,Small,Asia,84.6545866594954,0.14179885416176188,0.5425564589778076,39.292776191413566,16,0.007692812101726295
R_080,R,Medium,North America,27.220757847352946,0.1712222203588512,2.867586541803224,18.90729707971024,9,0.07755525163554469
R_081,R,Small,Europe,38.54562494561466,0.551113826620686,2.206332208981432,11.077057395084118,14,0.006799759648031211
R_082,R,Small,North America,55.20730162328785,0.9141750047944592,1.7453335918349622,19.51460065927896,17,0.0032961478232259875
R_083,R,Small,Europe,72.24371565799981,0.10996996698325544,3.0649678785961747,29.93137683851787,15,0.09733263021231336
R_084,R,Small,North America,47.47489670832288,0.6475553037367792,1.2469728836385898,33.89680495377071,16,0.05861993660343904
R_085,R,Small,Europe,237.83688523922723,0.9164220468113259,1.8008438631739783,29.026081812204044,15,0.03839022048504593
R_086,R,Small,North America,79.39898442794768,0.4100265784870072,1.1248411131875713,12.652392454514024,18,0.17847734485612987
R_087,R,Small,Europe,71.46307768124994,0.8725783433820054,3.0424416128701326,28.21171313493596,14,0.03116734023080549
R_088,R,Medium,North America,85.39197744803229,0.5828088663414521,0.7754509682353766,26.502402704340177,17,0.1612638650921762
R_089,R,Large,Europe,491.099156258392,0.6551363174113338,1.9959597531954913,25.488228668450567,14,0.4199558557588637
R_090,R,Small,North America,248.3190999656792,0.8089417382143106,0.41906491272368807,28.65770450954011,13,0.3624767607597156
R_091,R,Small,North America,36.8327876764887,0.44715724542191393,0.4087993481856409,12.362980379558593,12,0.0634659692134168
R_092,R,Medium,Asia,105.52367706090267,1.2847143665657301,0.9359548659654903,39.53404503660084,11,0.0490759636393166
R_093,R,Large,North America,73.63244327835557,0.41111513439925407,0.41135855493062073,21.42225748216915,17,0.16732370503812252
R_094,R,Large,North America,63.03969725484388,0.5465802400981621,2.252954475190349,31.215493623452133,15,0.022416627335182196
R_095,R,Large,North America,71.38233484427565,0.16551213405367884,1.5129765393743622,16.105773606924465,26,0.15954601663417245
R_096,R,Small,Other,22.837360238092362,0.34551726903762403,2.324357263708921,34.018800714843884,21,0.3044332661965505
R_097,R,Small,Europe,13.468026854794342,0.5646351060062009,1.0371260172779282,30.842270554455716,18,0.036151404770777204
R_098,R,Medium,Europe,68.25852533191633,1.2036905356280518,1.853230145443008,33.6910456896467,15,0.05971438043947281
R_099,R,Small,Asia,43.66415416899579,0.1,0.41484375112668526,36.24570440812661,19,0.16831544637014123
R_100,R,Medium,Europe,124.51818882669784,0.6276473623883603,0.3675619287513095,21.855278394388307,14,0.04281658199884031
R_101,R,Small,North America,91.67217979841925,0.8101368410392397,1.582302472881909,33.56463574062622,18,0.10564598424496949
R_102,R,Small,Europe,69.41579933464647,0.8066826514373908,0.24232854609278232,28.308930060573445,17,0.11574283871490228
R_103,R,Small,Asia,56.459564105823404,1.0156276575380874,0.5283307785333642,23.00244662026565,10,0.02009554655040342
R_104,R,Small,Europe,11.891847638509288,1.005134978176102,2.3000464121965374,15.942806874271946,12,0.039777050039044116
R_105,R,Small,Asia,29.747306376138116,1.354005081981662,1.6609774195971525,27.1002240985866,14,0.01778729033817446
R_106,R,Small,North America,13.142846107439897,0.392184842655456,0.7598098301354829,8.144887082991353,12,0.30875214294134484
R_107,R,Small,Asia,12.414365068667857,1.925625895951033,1.786637642069969,24.94181924000235,12,0.056545824746580355
R_108,R,Medium,Europe,33.617459944296904,0.8398394970228211,2.2437403671115255,10.836150897791375,9,0.01229982158207142
R_109,R,Small,Europe,23.315442539239392,0.8287392452532667,1.4177752539747206,30.926051028024858,19,0.026197649500268854
R_110,R,Small,Asia,25.448347592484406,0.5894252681127022,0.8896157883575695,32.18809363641252,14,0.09884668256946151
R_111,R,Small,Europe,70.58028093822608,0.28273624880280807,2.0022403771051533,19.663668193690505,12,0.021298945825897125
R_112,R,Medium,North America,6.062283561473125,0.25457884514239704,0.8223114952336631,23.487885618540208,16,0.06481791913229436
R_113,R,Small,North America,49.56276751025373,0.7056683604254617,0.7589331436651432,21.708070070229756,13,0.05582955305261418
R_114,R,Medium,Europe,96.74955356735977,0.92529029344976,0.5908386185549821,22.136076524693312,12,0.0645161580355072
R_115,R,Medium,Europe,174.75343807399315,1.063499669439311,3.5720315061689814,21.72461941575346,8,0.10812321297220372
R_116,R,Small,North America,18.542959201624026,0.5962013129041616,0.7911265757979301,31.825322451305535,19,0.14823755820595066
R_117,R,Small,Asia,14.863235289720278,0.9801103631351449,3.179891306673076,19.89357406855293,13,0.04275211002505992
R_118,R,Small,Europe,269.86068927561024,0.325622220688058,1.4142443090036734,33.93345020054018,21,0.0526276208589175
R_119,R,Large,Europe,18.802086136219785,0.5620509191012854,1.432285682693394,19.451672884302518,15,0.20608607663344963
