node_id,systemic_importance,debt_rank_score,eigenvector_centrality,betweenness_centrality,closeness_centrality,k_core_number,financial_fragility,contagion_potential,verification_passed
S_000,0.5285335518460837,0.5285335518460837,3.7357450793195824e-07,0.0,0.0,13,0.5891689713801866,0.3838170176729872,False
S_001,0.14115577291373096,0.14115577291373096,3.7357450793195824e-07,0.0,0.0,5,0.34860063748959025,0.17435515865242546,False
S_002,0.44235795402173206,0.44235795402173206,3.7357450793195824e-07,0.0,0.0,13,0.617417505225857,0.2172939641615171,False
S_003,0.41068053576285285,0.41068053576285285,3.7357450793195824e-07,0.0,0.0,10,0.44818551898373626,0.20198820636502784,False
S_004,0.47703323859492375,0.47703323859492375,3.7357450793195824e-07,0.0,0.0,12,0.5243340603251359,0.21382174072117704,False
S_005,0.37726865433111667,0.37726865433111667,3.7357450793195824e-07,0.0,0.0,6,0.26371991438902975,0.16941805475658558,False
S_006,0.3549443299187971,0.3549443299187971,3.7357450793195824e-07,0.0,0.0,12,0.4320197351269551,0.24528787952120878,False
S_007,0.4780109639676227,0.4780109639676227,3.7357450793195824e-07,0.0,0.0,10,0.3909694472010371,0.18658779858096974,False
S_008,0.42519219004929404,0.42519219004929404,3.7357450793195824e-07,0.0,0.0,11,0.3474474985868632,0.20296564215823612,False
S_009,0.2872945720194974,0.2872945720194974,3.7357450793195824e-07,0.0,0.0,9,0.4779604213449853,0.2207585602124025,False
S_010,0.45619381707660467,0.45619381707660467,3.7357450793195824e-07,0.0,0.0,8,0.3514581527273903,0.21755198211724677,False
S_011,0.5290088099599123,0.5290088099599123,3.7357450793195824e-07,0.0,0.0,13,0.48007264369700764,0.271748500550428,False
S_012,0.4681265807859236,0.4681265807859236,3.7357450793195824e-07,0.0,0.0,13,0.4790651805414265,0.30476033504542904,False
S_013,0.3931433769962708,0.3931433769962708,3.7357450793195824e-07,0.0,0.0,10,0.3330350116582582,0.24809356363544716,False
S_014,0.38031710697901966,0.38031710697901966,3.7357450793195824e-07,0.0,0.0,11,0.29925823229748605,0.25939107518214777,False
S_015,0.41490231599870186,0.41490231599870186,3.7357450793195824e-07,0.0,0.0,7,0.6438081856426726,0.14305028996172284,False
S_016,0.4704306681703668,0.4704306681703668,3.7357450793195824e-07,0.0,0.0,13,0.47877323858442966,0.305587164104411,False
S_017,0.49659757015466144,0.49659757015466144,3.7357450793195824e-07,0.0,0.0,13,0.36471166019796414,0.34738754088695384,False
S_018,0.33135196782429843,0.33135196782429843,3.7357450793195824e-07,0.0,0.0,5,0.5436355951190558,0.13224901050970855,False
S_019,0.4257036326748031,0.4257036326748031,3.7357450793195824e-07,0.0,0.0,13,0.3486590450459868,0.3000519356103859,False
S_020,0.3472937695254857,0.3472937695254857,3.7357450793195824e-07,0.0,0.0,7,0.24902505752750814,0.2348557848790839,False
S_021,0.43241610909535505,0.43241610909535505,3.7357450793195824e-07,0.0,0.0,10,0.45328731105632064,0.2396038299407901,False
S_022,0.22968087023036834,0.22968087023036834,3.7357450793195824e-07,0.0,0.0,4,0.2846515154544339,0.08415133638624747,False
S_023,0.5398588199462496,0.5398588199462496,3.7357450793195824e-07,0.0,0.0,13,0.3868066064860104,0.3287963874707357,False
S_024,0.4718827772390582,0.4718827772390582,3.7357450793195824e-07,0.0,0.0,13,0.41038531609501344,0.3346060267122674,False
S_025,0.4589412583501154,0.4589412583501154,3.7357450793195824e-07,0.0,0.0,13,0.377406754939638,0.24787663241892402,False
S_026,0.49980652034402245,0.49980652034402245,3.7357450793195824e-07,0.0,0.0,13,0.4743896924705837,0.2987062320240162,False
S_027,0.41744664971950146,0.41744664971950146,3.7357450793195824e-07,0.0,0.0,12,0.35075533109874,0.21135838949588495,False
S_028,0.4805905768681226,0.4805905768681226,3.7357450793195824e-07,0.0,0.0,13,0.2336942850510137,0.2741176917080727,False
S_029,0.4387766945786393,0.4387766945786393,3.7357450793195824e-07,0.0,0.0,8,0.23843709018922743,0.1912428175379483,False
S_030,0.47533158268344977,0.47533158268344977,3.7357450793195824e-07,0.0,0.0,13,0.4833667362191257,0.29486361107283093,False
S_031,0.39830177243979253,0.39830177243979253,3.7357450793195824e-07,0.0,0.0,11,0.37677250027629017,0.2812093095064704,False
S_032,0.3716718293045406,0.3716718293045406,3.7357450793195824e-07,0.0,0.0,9,0.6412428274028922,0.23730502002683843,False
S_033,0.4047400994231861,0.4047400994231861,3.7357450793195824e-07,0.0,0.0,8,0.5330970769706284,0.22919754957963906,False
S_034,0.4987542719149658,0.4987542719149658,3.7357450793195824e-07,0.0,0.0,13,0.3448940463637646,0.30499871188955363,False
S_035,0.41361254283397686,0.41361254283397686,3.7357450793195824e-07,0.0,0.0,11,0.43037936348169514,0.20994213585850224,False
S_036,0.46205238840685475,0.46205238840685475,3.7357450793195824e-07,0.0,0.0,10,0.5607750145220693,0.1994942356448937,False
S_037,0.3718819844875876,0.3718819844875876,3.7357450793195824e-07,0.0,0.0,10,0.31765728424631745,0.19039388092209547,False
S_038,0.47635898133263593,0.47635898133263593,3.7357450793195824e-07,0.0,0.0,12,0.4193197743283083,0.338615122941041,False
S_039,0.3714504525419287,0.3714504525419287,3.7357450793195824e-07,0.0,0.0,9,0.2275670563769434,0.20938479912099525,False
S_040,0.46643209067913066,0.46643209067913066,3.7357450793195824e-07,0.0,0.0,11,0.35251505306384107,0.2893744388082523,False
S_041,0.3979245223289646,0.3979245223289646,3.7357450793195824e-07,0.0,0.0,10,0.2655312669491234,0.2185989071178935,False
S_042,0.4536874373279765,0.4536874373279765,3.7357450793195824e-07,0.0,0.0,11,0.3173237452673176,0.29705224386899853,False
S_043,0.401759087160368,0.401759087160368,3.7357450793195824e-07,0.0,0.0,9,0.4444524970149103,0.17788563679735972,False
S_044,0.5270756559793892,0.5270756559793892,3.7357450793195824e-07,0.0,0.0,12,0.4407691700326596,0.3379685800267154,False
S_045,0.41359540132678013,0.41359540132678013,3.7357450793195824e-07,0.0,0.0,11,0.34218762925380664,0.2524956373645386,False
S_046,0.4269288985923237,0.4269288985923237,3.7357450793195824e-07,0.0,0.0,7,0.6049113067543175,0.18242408463546725,False
S_047,0.36555654367054624,0.36555654367054624,3.7357450793195824e-07,0.0,0.0,9,0.3503735871524456,0.2079676051526855,False
S_048,0.3847494309695581,0.3847494309695581,3.7357450793195824e-07,0.0,0.0,10,0.3764957221802847,0.22003410572022974,False
S_049,0.5602959364387764,0.5602959364387764,3.7357450793195824e-07,0.0,0.0,13,0.3268360706878626,0.3569285615705586,False
S_050,0.3774307245632348,0.3774307245632348,3.7357450793195824e-07,0.0,0.0,6,0.33497514571781,0.14101137804676936,False
S_051,0.4726537192498856,0.4726537192498856,3.7357450793195824e-07,0.0,0.0,13,0.5784194294040467,0.20114577950480497,False
S_052,0.4252160990667997,0.4252160990667997,3.7357450793195824e-07,0.0,0.0,10,0.31601411731660606,0.2740329858113226,False
S_053,0.31392859635025316,0.31392859635025316,3.7357450793195824e-07,0.0,0.0,11,0.41695025268052965,0.2430748976220139,False
S_054,0.18208692761529496,0.18208692761529496,3.7357450793195824e-07,0.0,0.0,5,0.46272385312510717,0.1674197564627572,False
S_055,0.47995310783540934,0.47995310783540934,3.7357450793195824e-07,0.0,0.0,11,0.33890278739665347,0.28902339294187734,False
S_056,0.5058906112440507,0.5058906112440507,3.7357450793195824e-07,0.0,0.0,13,0.5586853915082728,0.313663280944302,False
S_057,0.39413921051861484,0.39413921051861484,3.7357450793195824e-07,0.0,0.0,11,0.3991500417390072,0.2147258075520234,False
S_058,0.2823756298112007,0.2823756298112007,3.7357450793195824e-07,0.0,0.0,10,0.2944373950944137,0.1770305822616401,False
S_059,0.45905289129941557,0.45905289129941557,3.7357450793195824e-07,0.0,0.0,12,0.44343303427244873,0.25200587918747724,False
S_060,0.4395261919312644,0.4395261919312644,3.7357450793195824e-07,0.0,0.0,11,0.25525131274984114,0.2511762159711631,False
S_061,0.43839687607008476,0.43839687607008476,3.7357450793195824e-07,0.0,0.0,10,0.32169431279920285,0.25956158733145535,False
S_062,0.4451037496875011,0.4451037496875011,3.7357450793195824e-07,0.0,0.0,10,0.5002840403300646,0.27816387196137543,False
S_063,0.5012342647399267,0.5012342647399267,3.7357450793195824e-07,0.0,0.0,10,0.3260088771885647,0.23212737181688342,False
S_064,0.3636109915800644,0.3636109915800644,3.7357450793195824e-07,0.0,0.0,9,0.4305762421373982,0.20676325641647395,False
S_065,0.3107425700063925,0.3107425700063925,3.7357450793195824e-07,0.0,0.0,7,0.4119696136550018,0.24117956365650575,False
S_066,0.39791174712762706,0.39791174712762706,3.7357450793195824e-07,0.0,0.0,9,0.33221393184539266,0.2645793751281442,False
S_067,0.44686134719225346,0.44686134719225346,3.7357450793195824e-07,0.0,0.0,13,0.5660451358616038,0.3357406003394064,False
S_068,0.5102943594879813,0.5102943594879813,3.7357450793195824e-07,0.0,0.0,13,0.5289273394422185,0.2966612952633329,False
S_069,0.4508576675580417,0.4508576675580417,3.7357450793195824e-07,0.0,0.0,11,0.4203171797741663,0.2579927280998671,False
S_070,0.5162263207024465,0.5162263207024465,3.7357450793195824e-07,0.0,0.0,13,0.26260012077149814,0.2831298758285915,False
S_071,0.49297736058645325,0.49297736058645325,3.7357450793195824e-07,0.0,0.0,13,0.36857877054422555,0.2704965967407123,False
S_072,0.4092642051734064,0.4092642051734064,3.7357450793195824e-07,0.0,0.0,8,0.29115117287615755,0.24851406421989058,False
S_073,0.3227965417779183,0.3227965417779183,3.7357450793195824e-07,0.0,0.0,7,0.4488598247429313,0.31526774244196126,False
S_074,0.25610343186649703,0.25610343186649703,3.7357450793195824e-07,0.0,0.0,9,0.42984234134258814,0.24490145852640957,False
S_075,0.43693016546461316,0.43693016546461316,3.7357450793195824e-07,0.0,0.0,11,0.29968003599709264,0.224123859289177,False
S_076,0.49080765425943546,0.49080765425943546,3.7357450793195824e-07,0.0,0.0,12,0.48230397437428696,0.25026430733360905,False
S_077,0.3830712524211239,0.3830712524211239,3.7357450793195824e-07,0.0,0.0,8,0.2646957996396592,0.2812039917096771,False
S_078,0.5041210669929943,0.5041210669929943,3.7357450793195824e-07,0.0,0.0,13,0.46179403824173065,0.2948590205711103,False
S_079,0.28536147518806826,0.28536147518806826,3.7357450793195824e-07,0.0,0.0,7,0.3985360227284411,0.2090243027496366,False
S_080,0.4817959224909435,0.4817959224909435,3.7357450793195824e-07,0.0,0.0,11,0.22795990685280287,0.22800270165213257,False
S_081,0.3666477302836389,0.3666477302836389,3.7357450793195824e-07,0.0,0.0,11,0.27475103425983644,0.2420816652381614,False
S_082,0.29153103970861083,0.29153103970861083,3.7357450793195824e-07,0.0,0.0,10,0.4013980818832125,0.23467726465114727,False
S_083,0.2862040251281483,0.2862040251281483,3.7357450793195824e-07,0.0,0.0,5,0.21203589690133418,0.11997792909105742,False
S_084,0.3946999769168025,0.3946999769168025,3.7357450793195824e-07,0.0,0.0,10,0.24489432973626454,0.2599525146633968,False
S_085,0.41826772713856764,0.41826772713856764,3.7357450793195824e-07,0.0,0.0,7,0.20292592902073525,0.2667950535882359,False
S_086,0.4540253310480342,0.4540253310480342,3.7357450793195824e-07,0.0,0.0,13,0.5315173171874138,0.31528100025620526,False
S_087,0.4064724145416165,0.4064724145416165,3.7357450793195824e-07,0.0,0.0,10,0.5904090194906317,0.24547889484028942,False
S_088,0.50765443639103,0.50765443639103,3.7357450793195824e-07,0.0,0.0,13,0.6861159302825163,0.33274244471764847,False
S_089,0.4884312024191726,0.4884312024191726,3.7357450793195824e-07,0.0,0.0,13,0.4109534205971511,0.3125325799121855,False
S_090,0.3907467012616298,0.3907467012616298,3.7357450793195824e-07,0.0,0.0,13,0.32803716443465936,0.2805814907080312,False
S_091,0.39960608594011615,0.39960608594011615,3.7357450793195824e-07,0.0,0.0,12,0.36050165196229184,0.2730301021197794,False
S_092,0.35207453444015996,0.35207453444015996,3.7357450793195824e-07,0.0,0.0,6,0.5338650153096354,0.1485991658013739,False
S_093,0.3624800419978153,0.3624800419978153,3.7357450793195824e-07,0.0,0.0,12,0.4024592595383719,0.2962096276536157,False
S_094,0.5224691628785182,0.5224691628785182,3.7357450793195824e-07,0.0,0.0,11,0.3784507916518299,0.2945207789784022,False
S_095,0.4191946804873442,0.4191946804873442,3.7357450793195824e-07,0.0,0.0,9,0.4122735254531026,0.24732315732399665,False
S_096,0.5036273742318131,0.5036273742318131,3.7357450793195824e-07,0.0,0.0,11,0.41968236138848375,0.2551917925513944,False
S_097,0.36379771844082004,0.36379771844082004,3.7357450793195824e-07,0.0,0.0,11,0.46506719645272204,0.25934466850286747,False
S_098,0.4143937406381643,0.4143937406381643,3.7357450793195824e-07,0.0,0.0,11,0.36526015264976486,0.2787789894189057,False
S_099,0.5348284367366954,0.5348284367366954,3.7357450793195824e-07,0.0,0.0,13,0.4026236218337918,0.3152182748711307,False
S_100,0.40667934802025973,0.40667934802025973,3.7357450793195824e-07,0.0,0.0,8,0.5296451232883255,0.19448681166602383,False
S_101,0.31470466539755965,0.31470466539755965,3.7357450793195824e-07,0.0,0.0,11,0.3928850421088841,0.22952275559580892,False
S_102,0.18963738048120482,0.18963738048120482,3.7357450793195824e-07,0.0,0.0,5,0.4078856196423901,0.15736503538955454,False
S_103,0.4802478301435338,0.4802478301435338,3.7357450793195824e-07,0.0,0.0,13,0.249152648694103,0.26784445148314023,False
S_104,0.4363499162115415,0.4363499162115415,3.7357450793195824e-07,0.0,0.0,13,0.4785899404686773,0.2319290718578565,False
S_105,0.5262526817996265,0.5262526817996265,3.7357450793195824e-07,0.0,0.0,13,0.26588530369429453,0.3166344014312097,False
S_106,0.4568829018957794,0.4568829018957794,3.7357450793195824e-07,0.0,0.0,11,0.278741933302188,0.22794564325857639,False
S_107,0.3651103317724031,0.3651103317724031,3.7357450793195824e-07,0.0,0.0,9,0.3649519667298633,0.27465821352698705,False
S_108,0.5042940712473046,0.5042940712473046,3.7357450793195824e-07,0.0,0.0,13,0.35390361213380817,0.29591203096581836,False
S_109,0.33118645027865984,0.33118645027865984,3.7357450793195824e-07,0.0,0.0,8,0.2037320709266523,0.1602767959589232,False
S_110,0.5271230531671657,0.5271230531671657,3.7357450793195824e-07,0.0,0.0,13,0.42146372959530864,0.27454001400520434,False
S_111,0.5014515488403133,0.5014515488403133,3.7357450793195824e-07,0.0,0.0,11,0.3839357459845435,0.24520576780958672,False
S_112,0.4900198263929822,0.4900198263929822,3.7357450793195824e-07,0.0,0.0,13,0.4143794231533343,0.24327732149227796,False
S_113,0.48096674859103056,0.48096674859103056,3.7357450793195824e-07,0.0,0.0,11,0.4129515103355254,0.25810591227049917,False
S_114,0.49131630810149385,0.49131630810149385,3.7357450793195824e-07,0.0,0.0,12,0.5983442037342356,0.2993567432289526,False
S_115,0.4200885694750587,0.4200885694750587,3.7357450793195824e-07,0.0,0.0,9,0.3012430709990436,0.18883355825392747,False
S_116,0.3630216833458331,0.3630216833458331,3.7357450793195824e-07,0.0,0.0,9,0.29769882250818774,0.1981014829773759,False
S_117,0.4527253343942008,0.4527253343942008,3.7357450793195824e-07,0.0,0.0,12,0.4293675181333166,0.23710492340004471,False
S_118,0.4617283607227056,0.4617283607227056,3.7357450793195824e-07,0.0,0.0,13,0.444230623360277,0.2953467154975877,False
S_119,0.4528341019314464,0.4528341019314464,3.7357450793195824e-07,0.0,0.0,9,0.42035642737341583,0.27860206162134143,False
S_120,0.373920363977688,0.373920363977688,3.7357450793195824e-07,0.0,0.0,11,0.4795962361383837,0.2841915821176729,False
S_121,0.5095696598303266,0.5095696598303266,3.7357450793195824e-07,0.0,0.0,12,0.3891232416811321,0.32150503209628695,False
S_122,0.4985084857903036,0.4985084857903036,3.7357450793195824e-07,0.0,0.0,13,0.42964271746341465,0.334277457294678,False
S_123,0.473842058579109,0.473842058579109,3.7357450793195824e-07,0.0,0.0,13,0.2764670383834478,0.24779378070668762,False
S_124,0.4200548587654347,0.4200548587654347,3.7357450793195824e-07,0.0,0.0,7,0.3509759998259552,0.19660476217381154,False
S_125,0.34203426650002794,0.34203426650002794,3.7357450793195824e-07,0.0,0.0,10,0.4138350180629574,0.19429097629774686,False
S_126,0.41656445821485466,0.41656445821485466,3.7357450793195824e-07,0.0,0.0,12,0.40800773041777655,0.2685307439145622,False
S_127,0.46431391219883245,0.46431391219883245,3.7357450793195824e-07,0.0,0.0,13,0.33566122050024944,0.27992791380617577,False
S_128,0.3442787903871367,0.3442787903871367,3.7357450793195824e-07,0.0,0.0,10,0.3628874435793091,0.2257679569071036,False
S_129,0.45606434136296836,0.45606434136296836,3.7357450793195824e-07,0.0,0.0,12,0.403123609636588,0.2602302652160511,False
S_130,0.5070676023406405,0.5070676023406405,3.7357450793195824e-07,0.0,0.0,13,0.37565495475019917,0.33047191358051403,False
S_131,0.4846704559248379,0.4846704559248379,3.7357450793195824e-07,0.0,0.0,12,0.43126913509985304,0.26001727103329875,False
S_132,0.515653182656018,0.515653182656018,3.7357450793195824e-07,0.0,0.0,13,0.24244922316455708,0.2894042747394418,False
S_133,0.4348237131777873,0.4348237131777873,3.7357450793195824e-07,0.0,0.0,11,0.458848699400798,0.28942656181397103,False
S_134,0.4442293809254819,0.4442293809254819,3.7357450793195824e-07,0.0,0.0,10,0.4272952189728314,0.19672091236882333,False
S_135,0.4570634605742943,0.4570634605742943,3.7357450793195824e-07,0.0,0.0,11,0.39709497738073857,0.2399168752787971,False
S_136,0.5336128780749715,0.5336128780749715,3.7357450793195824e-07,0.0,0.0,13,0.36897503420607536,0.32076225033146955,False
S_137,0.5010942538051992,0.5010942538051992,3.7357450793195824e-07,0.0,0.0,13,0.20828547807595815,0.23160604225503562,False
S_138,0.36853443104155015,0.36853443104155015,3.7357450793195824e-07,0.0,0.0,9,0.3692971102597882,0.25829979502006,False
S_139,0.5004516899175817,0.5004516899175817,3.7357450793195824e-07,0.0,0.0,12,0.2902472920732981,0.2821600023977663,False
S_140,0.29917465587026076,0.29917465587026076,3.7357450793195824e-07,0.0,0.0,8,0.5038013975112436,0.225768710540495,False
S_141,0.4921475658368363,0.4921475658368363,3.7357450793195824e-07,0.0,0.0,13,0.41937872256011843,0.3501514916998288,False
S_142,0.3484932333864674,0.3484932333864674,3.7357450793195824e-07,0.0,0.0,8,0.45066417509396756,0.2441992189568426,False
S_143,0.4563189807146543,0.4563189807146543,3.7357450793195824e-07,0.0,0.0,11,0.3948804000133936,0.32032741079776245,False
S_144,0.3870966233400717,0.3870966233400717,3.7357450793195824e-07,0.0,0.0,11,0.2414874387420497,0.314477967178501,False
S_145,0.1822890185527902,0.1822890185527902,3.7357450793195824e-07,0.0,0.0,5,0.49862414074944517,0.15377727709554145,False
S_146,0.4966239922822436,0.4966239922822436,3.7357450793195824e-07,0.0,0.0,13,0.3800539330513172,0.3223200553406599,False
S_147,0.5200695353480174,0.5200695353480174,3.7357450793195824e-07,0.0,0.0,11,0.47535138354868667,0.24520065407665625,False
S_148,0.46354664434989795,0.46354664434989795,3.7357450793195824e-07,0.0,0.0,10,0.4147928637333321,0.26404056960182,False
S_149,0.5103177563872581,0.5103177563872581,3.7357450793195824e-07,0.0,0.0,13,0.2759633829673405,0.3174992535856458,False
S_150,0.466618053617365,0.466618053617365,3.7357450793195824e-07,0.0,0.0,11,0.612119657152421,0.2955962351031319,False
S_151,0.4927384671402911,0.4927384671402911,3.7357450793195824e-07,0.0,0.0,13,0.3602095416895148,0.26359391605599397,False
S_152,0.3694848608862039,0.3694848608862039,3.7357450793195824e-07,0.0,0.0,8,0.623569542570271,0.2139308223065811,False
S_153,0.4324676117023272,0.4324676117023272,3.7357450793195824e-07,0.0,0.0,11,0.38484078944656774,0.30252719076369977,False
S_154,0.4140039743279562,0.4140039743279562,3.7357450793195824e-07,0.0,0.0,11,0.5378090037031616,0.21971841605097747,False
S_155,0.4500998417938906,0.4500998417938906,3.7357450793195824e-07,0.0,0.0,11,0.5138005926150356,0.2716904826570288,False
S_156,0.3698901427931306,0.3698901427931306,3.7357450793195824e-07,0.0,0.0,12,0.3746069217647515,0.31926647140532294,False
S_157,0.4878497390388672,0.4878497390388672,3.7357450793195824e-07,0.0,0.0,13,0.25771795053958607,0.26136089337411184,False
S_158,0.3238628805192814,0.3238628805192814,3.7357450793195824e-07,0.0,0.0,8,0.4965501440314015,0.2325940038868329,False
S_159,0.4596045311214252,0.4596045311214252,3.7357450793195824e-07,0.0,0.0,11,0.45398994336008613,0.2701627720421181,False
S_160,0.5375242643459993,0.5375242643459993,3.7357450793195824e-07,0.0,0.0,11,0.27904819611664544,0.2307839821745774,False
S_161,0.49061402620758887,0.49061402620758887,3.7357450793195824e-07,0.0,0.0,13,0.32810369176111687,0.3124963940321926,False
S_162,0.42203030864097835,0.42203030864097835,3.7357450793195824e-07,0.0,0.0,9,0.4515929697868593,0.19278135996857326,False
S_163,0.388965289017417,0.388965289017417,3.7357450793195824e-07,0.0,0.0,10,0.37221556691425856,0.23293547190239716,False
S_164,0.38520904054767363,0.38520904054767363,3.7357450793195824e-07,0.0,0.0,8,0.7108101356409315,0.19665133162688272,False
S_165,0.49654839711210846,0.49654839711210846,3.7357450793195824e-07,0.0,0.0,13,0.4314617795932482,0.27964646304502067,False
S_166,0.3698668066018014,0.3698668066018014,3.7357450793195824e-07,0.0,0.0,8,0.6127289827228958,0.16420464983850172,False
S_167,0.49577226163256666,0.49577226163256666,3.7357450793195824e-07,0.0,0.0,13,0.37826172501492034,0.36046862147704334,False
S_168,0.5412506876032089,0.5412506876032089,3.7357450793195824e-07,0.0,0.0,13,0.546255267035236,0.34362063548683164,False
S_169,0.3247098389532741,0.3247098389532741,3.7357450793195824e-07,0.0,0.0,8,0.27876660332212605,0.18400975468169162,False
S_170,0.47467755861215055,0.47467755861215055,3.7357450793195824e-07,0.0,0.0,10,0.2662084590109599,0.24415741302151345,False
S_171,0.4063626323009232,0.4063626323009232,3.7357450793195824e-07,0.0,0.0,10,0.39470169531316823,0.23574498495588875,False
S_172,0.45464629811588314,0.45464629811588314,3.7357450793195824e-07,0.0,0.0,13,0.4133565226920022,0.21396726392989765,False
S_173,0.45375385510511074,0.45375385510511074,3.7357450793195824e-07,0.0,0.0,12,0.4033140763642461,0.25162421277900104,False
S_174,0.48769107088274594,0.48769107088274594,3.7357450793195824e-07,0.0,0.0,10,0.4185405794763748,0.24661349173926897,False
S_175,0.4622740415167344,0.4622740415167344,3.7357450793195824e-07,0.0,0.0,13,0.5362723061225717,0.28196491322718725,False
S_176,0.37771897853939257,0.37771897853939257,3.7357450793195824e-07,0.0,0.0,11,0.2984247910071939,0.2812920456707002,False
S_177,0.47020408169199956,0.47020408169199956,3.7357450793195824e-07,0.0,0.0,13,0.34593672903618133,0.30371899934760394,False
S_178,0.4869250697089466,0.4869250697089466,3.7357450793195824e-07,0.0,0.0,13,0.27264763002589903,0.2705980628076852,False
S_179,0.388582060502171,0.388582060502171,3.7357450793195824e-07,0.0,0.0,8,0.46861099551457713,0.19017714196717214,False
S_180,0.5448397803969638,0.5448397803969638,3.7357450793195824e-07,0.0,0.0,12,0.5570362817859367,0.32003182218010784,False
S_181,0.41485087905577067,0.41485087905577067,3.7357450793195824e-07,0.0,0.0,13,0.4772112900292411,0.26261277110227654,False
S_182,0.4733153181516492,0.4733153181516492,3.7357450793195824e-07,0.0,0.0,13,0.379527199437629,0.26997423410723653,False
S_183,0.3353016232501579,0.3353016232501579,3.7357450793195824e-07,0.0,0.0,11,0.39893113837145205,0.26529238591939985,False
S_184,0.4789012037999139,0.4789012037999139,3.7357450793195824e-07,0.0,0.0,11,0.4646988138037341,0.23190079025404428,False
S_185,0.3996618858857769,0.3996618858857769,3.7357450793195824e-07,0.0,0.0,10,0.5520873634565527,0.23126274066463606,False
S_186,0.5208969493728943,0.5208969493728943,3.7357450793195824e-07,0.0,0.0,13,0.3686190931049235,0.2991515468320141,False
S_187,0.4894956403643889,0.4894956403643889,3.7357450793195824e-07,0.0,0.0,11,0.4202213935871611,0.2040803406196476,False
S_188,0.4335278152430706,0.4335278152430706,3.7357450793195824e-07,0.0,0.0,10,0.5478812336910744,0.23364196734054554,False
S_189,0.5233183530651727,0.5233183530651727,3.7357450793195824e-07,0.0,0.0,13,0.5955546575237242,0.31419262273011245,False
S_190,0.43827151920401836,0.43827151920401836,3.7357450793195824e-07,0.0,0.0,11,0.19786007739060385,0.22020724495251165,False
S_191,0.38661037810139837,0.38661037810139837,3.7357450793195824e-07,0.0,0.0,9,0.4329308384076113,0.26670819856094535,False
S_192,0.49054332858077226,0.49054332858077226,3.7357450793195824e-07,0.0,0.0,13,0.4827317875312408,0.28570586960446,False
S_193,0.4101036422304736,0.4101036422304736,3.7357450793195824e-07,0.0,0.0,13,0.3764785664505583,0.24371830514502738,False
S_194,0.4559859702533491,0.4559859702533491,3.7357450793195824e-07,0.0,0.0,12,0.5215249550476222,0.28341781490121076,False
S_195,0.5411059728392046,0.5411059728392046,3.7357450793195824e-07,0.0,0.0,13,0.21445737320711444,0.3031210449815385,False
S_196,0.39845104730533953,0.39845104730533953,3.7357450793195824e-07,0.0,0.0,9,0.24331583105401774,0.2528681545964473,False
S_197,0.42637264040476297,0.42637264040476297,3.7357450793195824e-07,0.0,0.0,8,0.3969667809622869,0.2532504250483077,False
S_198,0.4275092420936361,0.4275092420936361,3.7357450793195824e-07,0.0,0.0,11,0.2959450949257613,0.22350279447225815,False
S_199,0.26377356943232827,0.26377356943232827,3.7357450793195824e-07,0.0,0.0,6,0.4222441933274125,0.2796188405888043,False
S_200,0.3660226852822293,0.3660226852822293,3.7357450793195824e-07,0.0,0.0,12,0.37028273893576374,0.22933560072207287,False
S_201,0.4744550367792388,0.4744550367792388,3.7357450793195824e-07,0.0,0.0,13,0.4178755653613245,0.2991439825184359,False
S_202,0.49595495223604885,0.49595495223604885,3.7357450793195824e-07,0.0,0.0,13,0.39893857988261844,0.2855062394393887,False
S_203,0.25717922932094817,0.25717922932094817,3.7357450793195824e-07,0.0,0.0,4,0.31686943136336326,0.1311189748461378,False
S_204,0.4733331767575411,0.4733331767575411,3.7357450793195824e-07,0.0,0.0,11,0.520521798288463,0.2499077492179742,False
S_205,0.40900570224835103,0.40900570224835103,3.7357450793195824e-07,0.0,0.0,12,0.5972749739935631,0.24893142039772095,False
S_206,0.3901030369397524,0.3901030369397524,3.7357450793195824e-07,0.0,0.0,11,0.4114496530077511,0.22258211251153207,False
S_207,0.4793701455305104,0.4793701455305104,3.7357450793195824e-07,0.0,0.0,9,0.5299960666424649,0.21851669642987656,False
S_208,0.4028392336271514,0.4028392336271514,3.7357450793195824e-07,0.0,0.0,8,0.38956822264750307,0.20190469770562067,False
S_209,0.4094525484706747,0.4094525484706747,3.7357450793195824e-07,0.0,0.0,10,0.35253121283046673,0.2553727354370454,False
S_210,0.37920117349736193,0.37920117349736193,3.7357450793195824e-07,0.0,0.0,9,0.30235482655327617,0.25170215946516084,False
S_211,0.3635462192934723,0.3635462192934723,3.7357450793195824e-07,0.0,0.0,6,0.5898097083307892,0.17313398225340024,False
S_212,0.5343813011577131,0.5343813011577131,3.7357450793195824e-07,0.0,0.0,13,0.26370517657850967,0.3092338683321666,False
S_213,0.4317333437792901,0.4317333437792901,3.7357450793195824e-07,0.0,0.0,9,0.5493768297075371,0.18202595910096092,False
S_214,0.4791277286950002,0.4791277286950002,3.7357450793195824e-07,0.0,0.0,13,0.2982540169257907,0.23825098902272415,False
S_215,0.20801542352415803,0.20801542352415803,3.7357450793195824e-07,0.0,0.0,6,0.5367071197583073,0.11037933681187587,False
S_216,0.4860370095260588,0.4860370095260588,3.7357450793195824e-07,0.0,0.0,12,0.27830748362331137,0.27811318596062484,False
S_217,0.2869308802510874,0.2869308802510874,3.7357450793195824e-07,0.0,0.0,4,0.6000124129846115,0.123306955525249,False
S_218,0.5169255752173721,0.5169255752173721,3.7357450793195824e-07,0.0,0.0,13,0.3203201000164341,0.3183739740737729,False
S_219,0.4310553648150273,0.4310553648150273,3.7357450793195824e-07,0.0,0.0,8,0.2572079527874617,0.19273238577734852,False
S_220,0.314659156959181,0.314659156959181,3.7357450793195824e-07,0.0,0.0,9,0.6539338394654091,0.21434805507137827,False
S_221,0.4052947394185361,0.4052947394185361,3.7357450793195824e-07,0.0,0.0,9,0.30439047887470383,0.24576325673060334,False
S_222,0.4015555956262713,0.4015555956262713,3.7357450793195824e-07,0.0,0.0,10,0.3905475666872308,0.20034224485467625,False
S_223,0.3755866077653038,0.3755866077653038,3.7357450793195824e-07,0.0,0.0,11,0.6062977657529759,0.23407904178631506,False
S_224,0.4701161200749678,0.4701161200749678,3.7357450793195824e-07,0.0,0.0,10,0.2983208833539195,0.2314475087221724,False
S_225,0.44255853735543366,0.44255853735543366,3.7357450793195824e-07,0.0,0.0,12,0.40924650274803553,0.2507052844511064,False
S_226,0.394975795725836,0.394975795725836,3.7357450793195824e-07,0.0,0.0,13,0.35002845507247465,0.2447698005731306,False
S_227,0.49343450622207263,0.49343450622207263,3.7357450793195824e-07,0.0,0.0,13,0.40140763599509593,0.27078272773223283,False
S_228,0.4261624477114865,0.4261624477114865,3.7357450793195824e-07,0.0,0.0,9,0.5743331962654787,0.24621473701385835,False
S_229,0.479970053118991,0.479970053118991,3.7357450793195824e-07,0.0,0.0,13,0.496310043148788,0.26711458689793516,False
S_230,0.49338395637570737,0.49338395637570737,3.7357450793195824e-07,0.0,0.0,13,0.47243882184850583,0.284888511389217,False
S_231,0.3497042976265302,0.3497042976265302,3.7357450793195824e-07,0.0,0.0,8,0.5669208536394379,0.1951547308791322,False
S_232,0.4384856767583617,0.4384856767583617,3.7357450793195824e-07,0.0,0.0,10,0.23397295073697505,0.26036428277973706,False
S_233,0.4945197351855487,0.4945197351855487,3.7357450793195824e-07,0.0,0.0,13,0.20473002344238744,0.35067509120631646,False
S_234,0.4670995887555818,0.4670995887555818,3.7357450793195824e-07,0.0,0.0,13,0.2896249998946188,0.37801785720107267,False
S_235,0.42070673717298457,0.42070673717298457,3.7357450793195824e-07,0.0,0.0,9,0.3426895442814806,0.23410824790783977,False
S_236,0.39725784359053784,0.39725784359053784,3.7357450793195824e-07,0.0,0.0,9,0.517304844499011,0.22649241327696262,False
S_237,0.46913390878129646,0.46913390878129646,3.7357450793195824e-07,0.0,0.0,10,0.42709538245359163,0.25397519849371647,False
S_238,0.5315775635329233,0.5315775635329233,3.7357450793195824e-07,0.0,0.0,13,0.38170821284003886,0.295160820786141,False
S_239,0.29470927125326,0.29470927125326,3.7357450793195824e-07,0.0,0.0,5,0.3371418242898658,0.18072901718247383,False
S_240,0.4662393109459563,0.4662393109459563,3.7357450793195824e-07,0.0,0.0,12,0.34640819782396004,0.23859156343941695,False
S_241,0.47491635144762584,0.47491635144762584,3.7357450793195824e-07,0.0,0.0,10,0.44990492793154624,0.1987140602439501,False
S_242,0.45868824183441637,0.45868824183441637,3.7357450793195824e-07,0.0,0.0,12,0.5473958543348062,0.25455327600486405,False
S_243,0.4974955194982371,0.4974955194982371,3.7357450793195824e-07,0.0,0.0,12,0.45115975434517663,0.251640996429167,False
S_244,0.503044906458065,0.503044906458065,3.7357450793195824e-07,0.0,0.0,13,0.32153311816212315,0.2748706579619011,False
S_245,0.39856968897935147,0.39856968897935147,3.7357450793195824e-07,0.0,0.0,8,0.3239391800786422,0.19778417045008972,False
S_246,0.44636136247252,0.44636136247252,3.7357450793195824e-07,0.0,0.0,9,0.352355565236754,0.21124051207774142,False
S_247,0.41165620128320796,0.41165620128320796,3.7357450793195824e-07,0.0,0.0,9,0.6075372969252594,0.23992875271851916,False
S_248,0.5387400347122863,0.5387400347122863,3.7357450793195824e-07,0.0,0.0,13,0.3042824035240362,0.3511747573678674,False
S_249,0.26238686079909146,0.26238686079909146,3.7357450793195824e-07,0.0,0.0,7,0.44537141176243417,0.28996178126313915,False
S_250,0.44516715985594246,0.44516715985594246,3.7357450793195824e-07,0.0,0.0,9,0.33292701058458996,0.19851204160794314,False
S_251,0.39723277817801894,0.39723277817801894,3.7357450793195824e-07,0.0,0.0,9,0.6181710788848328,0.2570791365538318,False
S_252,0.4769747710997234,0.4769747710997234,3.7357450793195824e-07,0.0,0.0,13,0.5157416245880556,0.26055566510234834,False
S_253,0.48366424372482064,0.48366424372482064,3.7357450793195824e-07,0.0,0.0,12,0.583558813209254,0.20018858596136152,False
S_254,0.3890796920115493,0.3890796920115493,3.7357450793195824e-07,0.0,0.0,9,0.38777156679021024,0.23134076993709038,False
S_255,0.3889215098430317,0.3889215098430317,3.7357450793195824e-07,0.0,0.0,8,0.5077755162714035,0.20576637432281364,False
S_256,0.43455554241238176,0.43455554241238176,3.7357450793195824e-07,0.0,0.0,8,0.26516281805167613,0.26961875882003505,False
S_257,0.3647206033955792,0.3647206033955792,3.7357450793195824e-07,0.0,0.0,7,0.31440360005324147,0.1966166719163472,False
S_258,0.4405083393795063,0.4405083393795063,3.7357450793195824e-07,0.0,0.0,10,0.47220846652883025,0.2273691163236838,False
S_259,0.4837413913894302,0.4837413913894302,3.7357450793195824e-07,0.0,0.0,11,0.4221849884162926,0.2208841841774499,False
S_260,0.4793914632600791,0.4793914632600791,3.7357450793195824e-07,0.0,0.0,11,0.4267106394787882,0.24461204695249347,False
S_261,0.5591233201404197,0.5591233201404197,3.7357450793195824e-07,0.0,0.0,13,0.4418612837699955,0.33122247055431087,False
S_262,0.43607201437772447,0.43607201437772447,3.7357450793195824e-07,0.0,0.0,13,0.5873964573380683,0.32448795772184913,False
S_263,0.5159127948015472,0.5159127948015472,3.7357450793195824e-07,0.0,0.0,13,0.15334236584978167,0.2760517618633715,False
S_264,0.4318788059746824,0.4318788059746824,3.7357450793195824e-07,0.0,0.0,12,0.44564895023607304,0.26450473806888747,False
S_265,0.39615137511022447,0.39615137511022447,3.7357450793195824e-07,0.0,0.0,11,0.4046477770823551,0.2910470905247856,False
S_266,0.4097556185015281,0.4097556185015281,3.7357450793195824e-07,0.0,0.0,11,0.6046566420554029,0.2075271836595303,False
S_267,0.41442329420721846,0.41442329420721846,3.7357450793195824e-07,0.0,0.0,10,0.41421728844339356,0.236155135337092,False
S_268,0.3335600424598858,0.3335600424598858,3.7357450793195824e-07,0.0,0.0,9,0.35364325347642894,0.2599255077829159,False
S_269,0.46505057820880386,0.46505057820880386,3.7357450793195824e-07,0.0,0.0,13,0.2833426495267698,0.24523282795409326,False
S_270,0.41717262796717536,0.41717262796717536,3.7357450793195824e-07,0.0,0.0,11,0.5097243162903057,0.30341988513102797,False
S_271,0.33547511376376465,0.33547511376376465,3.7357450793195824e-07,0.0,0.0,8,0.36502106557734654,0.2074431976059964,False
S_272,0.5055612310898123,0.5055612310898123,3.7357450793195824e-07,0.0,0.0,13,0.4853681190937269,0.24986725005650015,False
S_273,0.49225070387320174,0.49225070387320174,3.7357450793195824e-07,0.0,0.0,13,0.37423637911513413,0.25821997827210774,False
S_274,0.5004978431803476,0.5004978431803476,3.7357450793195824e-07,0.0,0.0,13,0.5223547853837206,0.23829157099518677,False
S_275,0.4111826270520307,0.4111826270520307,3.7357450793195824e-07,0.0,0.0,10,0.6527845069554528,0.22067797011204046,False
S_276,0.4551594925824732,0.4551594925824732,3.7357450793195824e-07,0.0,0.0,11,0.32754015386257523,0.2046547501928484,False
S_277,0.3482730742154154,0.3482730742154154,3.7357450793195824e-07,0.0,0.0,11,0.3444427403011576,0.23462169647812461,False
S_278,0.4766964677356141,0.4766964677356141,3.7357450793195824e-07,0.0,0.0,13,0.16609164351848416,0.3208992495142775,False
S_279,0.3658085294211093,0.3658085294211093,3.7357450793195824e-07,0.0,0.0,11,0.37161602930613435,0.22118045619242507,False
S_280,0.4420342700731795,0.4420342700731795,3.7357450793195824e-07,0.0,0.0,9,0.3994804669459728,0.25088364542361763,False
S_281,0.3801398596246068,0.3801398596246068,3.7357450793195824e-07,0.0,0.0,10,0.44049717095704954,0.2370129404055316,False
S_282,0.41476570128302537,0.41476570128302537,3.7357450793195824e-07,0.0,0.0,13,0.4169958203309811,0.33861259664399274,False
S_283,0.4623093502573131,0.4623093502573131,3.7357450793195824e-07,0.0,0.0,12,0.4984823962619559,0.33391757950264245,False
S_284,0.26513748201647,0.26513748201647,3.7357450793195824e-07,0.0,0.0,9,0.5627800545018163,0.20240476037110883,False
S_285,0.4789475889024279,0.4789475889024279,3.7357450793195824e-07,0.0,0.0,12,0.4090629633983837,0.2723887304239971,False
S_286,0.40718135349211776,0.40718135349211776,3.7357450793195824e-07,0.0,0.0,10,0.26179092632583334,0.2876392991133568,False
S_287,0.3106465424930127,0.3106465424930127,3.7357450793195824e-07,0.0,0.0,8,0.5116285819266433,0.26141298875269714,False
S_288,0.32488094201031054,0.32488094201031054,3.7357450793195824e-07,0.0,0.0,6,0.26264682171681486,0.1407814891008005,False
S_289,0.35443662224599465,0.35443662224599465,3.7357450793195824e-07,0.0,0.0,9,0.4528538057233381,0.2206890578387133,False
S_290,0.40397184519637447,0.40397184519637447,3.7357450793195824e-07,0.0,0.0,8,0.38064027232975395,0.2196392335985925,False
S_291,0.40520685558576747,0.40520685558576747,3.7357450793195824e-07,0.0,0.0,9,0.3075817934132034,0.24731155094700627,False
S_292,0.4066111014781424,0.4066111014781424,3.7357450793195824e-07,0.0,0.0,10,0.2871943051848981,0.22061645833798482,False
S_293,0.4558863903902789,0.4558863903902789,3.7357450793195824e-07,0.0,0.0,12,0.42136840314206636,0.2249204624480654,False
S_294,0.3314632174837687,0.3314632174837687,3.7357450793195824e-07,0.0,0.0,6,0.48614294798322993,0.1841462028339233,False
S_295,0.3226278081843925,0.3226278081843925,3.7357450793195824e-07,0.0,0.0,10,0.4260841796200984,0.22018961201254836,False
S_296,0.39787739902544916,0.39787739902544916,3.7357450793195824e-07,0.0,0.0,12,0.5191535669624979,0.22837630303722442,False
S_297,0.454155082061338,0.454155082061338,3.7357450793195824e-07,0.0,0.0,13,0.45140307687057124,0.32140626553314694,False
S_298,0.5021456981060929,0.5021456981060929,3.7357450793195824e-07,0.0,0.0,13,0.4927434002062896,0.2958127842721651,False
S_299,0.4288465838656025,0.4288465838656025,3.7357450793195824e-07,0.0,0.0,11,0.4089156258881252,0.26357339187270673,False
M_000,0.0977929247117793,0.0977929247117793,0.0006070383812363214,0.0017464648171845699,0.00807589762046107,13,0.17017480393241324,0.25472303884809344,False
M_001,0.06400816958105551,0.06400816958105551,0.0003783846973938723,0.00124747486941755,0.007463744840531816,13,0.3044884323423088,0.2554908480062808,False
M_002,0.07509283575818011,0.07509283575818011,0.00044200310861687217,0.0019235257663922222,0.006587053065852798,13,0.30973475554552704,0.29377992505823425,False
M_003,0.08447887797725973,0.08447887797725973,0.0004415451555150501,0.0014808733933730917,0.004728770840501293,13,0.24266515975519207,0.24707277153386106,False
M_004,0.04482249829384851,0.04482249829384851,0.000529000449935349,0.0016015967678328544,0.007324749736731691,13,0.07191336019449036,0.2594567574291969,False
M_005,0.05941989898537522,0.05941989898537522,0.0006194614164814304,0.002044249140851985,0.009577777791856928,13,0.24805134831968045,0.3226912150755911,False
M_006,0.022416012896522758,0.022416012896522758,0.0006044060950960463,0.0009859075580880637,0.009056803763123344,13,0.28789148092574257,0.26122369011835483,False
M_007,0.037746403957348185,0.037746403957348185,0.0004107055497157046,0.0010221245704259926,0.007825935629796771,13,0.14469577652760662,0.2517722087091123,False
M_008,0.033805359252667914,0.033805359252667914,0.0006125341766691436,0.0014245358186252021,0.009078566016410843,13,0.03977664227039676,0.27883558421526206,False
M_009,0.03118276482059719,0.03118276482059719,0.00048301459759173286,0.0017102478048466412,0.00917384390997956,13,0.17149735945446687,0.2329219801240363,False
M_010,0.11437670404247385,0.11437670404247385,0.0004698688065497883,0.0016257414427248071,0.008285512968658305,13,0.33775350015983485,0.31176690619293373,False
M_011,0.049228313037809175,0.049228313037809175,0.0003932102645745412,0.000877256521074277,0.004873173819785123,13,0.16260997449917852,0.23801816350896435,False
M_012,0.04411303519305688,0.04411303519305688,0.00041170131988796404,0.0015653797554949255,0.008149254089399293,13,0.21959290975092077,0.21930884064689302,False
M_013,0.08634232528175566,0.08634232528175566,0.0007176998916813747,0.00266798657556076,0.011969635675093725,13,0.30000781038639346,0.3421349297974048,False
M_014,0.027078189611778186,0.027078189611778186,0.000307943456145915,0.0007283643592405695,0.004004175948137466,13,0.49794692641443544,0.21795970467631537,False
M_015,0.04615123425182501,0.04615123425182501,0.0003884510784008755,0.0017343924797385937,0.007868951589925822,13,0.08747252316375714,0.24984699293956605,False
M_016,0.05622399333735876,0.05622399333735876,0.00036287405441590983,0.0011508961698497397,0.008644261345320448,13,0.43958289629066893,0.21092684571699447,False
M_017,0.07159623389451068,0.07159623389451068,0.00039990557146972797,0.0021891171902037004,0.005254943247673438,13,0.3222131185957657,0.32606473278217774,False
M_018,0.056736280639805736,0.056736280639805736,0.0004416515426465501,0.001126751494957787,0.007236014645365929,13,0.4358015186722421,0.200190312713833,False
M_019,0.11812570939656103,0.11812570939656103,0.00046018936062884445,0.0015130662932290283,0.0072102832186717964,13,0.2802271844236331,0.2801930574154079,False
M_020,0.04246608320553897,0.04246608320553897,0.00047021249879329304,0.0015331868556389889,0.006892895195490232,13,0.2654241890260691,0.2452858130916679,False
M_021,0.1162865660164785,0.1162865660164785,0.0006250020499734677,0.0021529001778657717,0.010195633121521719,13,0.23802460261395636,0.27626239453079626,False
M_022,0.05742096930122166,0.05742096930122166,0.00028012866699017716,0.0008370153962543561,0.004844956797367212,13,0.12208352427154168,0.18572541489528765,False
M_023,0.07863094047810054,0.07863094047810054,0.0006512976821808855,0.001207233744597629,0.006750951647650706,13,0.0954000753820897,0.18634740842104594,False
M_024,0.04935341824620064,0.04935341824620064,0.0004075047737980127,0.0011830890697056764,0.007061529114962545,13,0.5547064138455643,0.24070696520871365,False
M_025,0.10107478521941675,0.10107478521941675,0.0004551211668895295,0.0019235257663922222,0.007915729114907264,13,0.36833338037583246,0.24182799433426883,False
M_026,0.04125525872950503,0.04125525872950503,0.000514304811348817,0.0010261486829079847,0.006783893020280017,13,0.2377891431960386,0.2099437726537409,False
M_027,0.054202298716162625,0.054202298716162625,0.000330617348966569,0.0008973770834842375,0.00579883921057726,13,0.45989707547656755,0.17092729957164474,False
M_028,0.051986805301508364,0.051986805301508364,0.00047273772860241325,0.001118703269993803,0.007085437987531602,13,0.14320475882461808,0.2399498819978197,False
M_029,0.03985763815176303,0.03985763815176303,0.0006331426143385002,0.001207233744597629,0.0119628260481694,13,0.251621987631493,0.1641092750985926,False
M_030,0.10615779919401333,0.10615779919401333,0.0005035586991391729,0.001376246468841297,0.007380351210142169,13,0.2890771284912552,0.24159341534578038,False
M_031,0.05331592150346464,0.05331592150346464,0.0003939312057819349,0.0009939557830520478,0.005472966636317106,13,0.15741890358934313,0.29458068191587744,False
M_032,0.031317560066401164,0.031317560066401164,0.0004935424856826918,0.0010704139202098977,0.008884346398749944,13,0.16401304332674083,0.19443490298033034,False
M_033,0.10145852134566527,0.10145852134566527,0.0004778599564816993,0.0015734279804589099,0.007279744087747053,13,0.1322729395308945,0.2768021090357372,False
M_034,0.053341029871504034,0.053341029871504034,0.000348754447807086,0.0017746336045585146,0.005654055661489254,13,0.24123546626524633,0.27008024547345916,False
M_035,0.02113530804167565,0.02113530804167565,0.0003458031648397816,0.0004507005979831148,0.005012946465578732,13,0.25031337834493317,0.2157047390421438,False
M_036,0.10187087402398981,0.10187087402398981,0.00041551347043141735,0.0013923429187692655,0.008172082444661496,13,0.2932081958312989,0.20399499703434765,False
M_037,0.11886641891448901,0.11886641891448901,0.0002518368032169068,0.0013279571190573918,0.0048279693071634966,13,0.23755640718950782,0.3224973404680894,False
M_038,0.08743840902434209,0.08743840902434209,0.0003913144902386369,0.0007283643592405695,0.007086461796366326,13,0.26046284220962557,0.22928996726476059,False
M_039,0.042288922581038134,0.042288922581038134,0.00036420844037066705,0.0014325840435891865,0.006000653288497159,13,0.34766728119165674,0.29142290975496854,False
M_040,0.08594734337062544,0.08594734337062544,0.0005987354501810748,0.0016861031299546885,0.008192645378442123,13,0.21555926463058572,0.24025613554523725,False
M_041,0.035640067661813955,0.035640067661813955,0.00048666358882386084,0.0007364125842045536,0.006671078097844916,13,0.3001074705779889,0.1799456897040955,False
M_042,0.09496194424519896,0.09496194424519896,0.0005093957404259768,0.001621717330242815,0.008339959054555052,13,0.3747971815087282,0.2726258699736182,False
M_043,0.05996347663226712,0.05996347663226712,0.00046787402273930004,0.0015211145181930124,0.006805951632709274,13,0.181950685463928,0.24895199910122323,False
M_044,0.09905333115000926,0.09905333115000926,0.0005770463492703715,0.002201189527649677,0.007830849854762593,13,0.13536866493969008,0.27619030749198187,False
M_045,0.07873826941576462,0.07873826941576462,0.00033363983843498,0.0015855003179048861,0.006208775935173222,13,0.27965198378225925,0.2628828150233672,False
M_046,0.07949334711289655,0.07949334711289655,0.0004043552690736437,0.0012152819695616132,0.0062956234273437535,13,0.2462338047209615,0.27292363993306157,False
M_047,0.0721772833458489,0.0721772833458489,0.00035691583257576036,0.001038221020353961,0.0061130814822346275,13,0.22178772365348415,0.22734928107993788,False
M_048,0.08262097528143313,0.08262097528143313,0.0005112962232605032,0.0012997883316834473,0.008811370902559632,13,0.10077970181917352,0.24224560283018698,False
M_049,0.03222901045146797,0.03222901045146797,0.0005224462936728609,0.0006478821096007276,0.008279088364335208,13,0.34797522557800414,0.1630448088913965,False
M_050,0.04247978349476255,0.04247978349476255,0.0003979609864473925,0.0012957642192014552,0.005507949977231397,13,0.23143308893210873,0.2373715242193197,False
M_051,0.07477322869228743,0.07477322869228743,0.0005582750964624522,0.001754513042148554,0.00854558315569186,13,0.22007915982860898,0.24142051265624115,False
M_052,0.033568516439720975,0.033568516439720975,0.0004305031346058307,0.0010985827075838423,0.005950171666576019,13,0.31141518155509573,0.25933035229826723,False
M_053,0.06011307072091668,0.06011307072091668,0.0004942505483641474,0.0016297655552067992,0.010424266658448299,13,0.28006039168321273,0.30179339626742985,False
M_054,0.09773753245495617,0.09773753245495617,0.000377133324318795,0.0018430435167523802,0.005725146134621454,13,0.2500898585513896,0.30827179947441535,False
M_055,0.04306864334254296,0.04306864334254296,0.0005365807498171308,0.0010140763454620084,0.007031421857032783,13,0.3449051711724254,0.21095023920372447,False
M_056,0.10339529770099401,0.10339529770099401,0.0004712369583734294,0.0011307756074397791,0.0066450465275683995,13,0.16212501030055082,0.2880658789714243,False
M_057,0.039089002668429254,0.039089002668429254,0.00038532649279321733,0.0011508961698497397,0.005623898856415025,13,0.3374761026185248,0.15640704173243425,False
M_058,0.08410114141274161,0.08410114141274161,0.0005300748916689896,0.0017585371546305463,0.008477258036699237,13,0.17495412920184344,0.3140189959057423,False
M_059,0.0689285278823029,0.0689285278823029,0.0004559931744693768,0.0022615512148795583,0.005590886023339824,13,0.19190165801720022,0.2839978228591546,False
M_060,0.027064123121265864,0.027064123121265864,0.0004781595955266534,0.0009617628831961111,0.008819678539022177,13,0.3854052825527823,0.22361979206735585,False
M_061,0.058329489408042,0.058329489408042,0.0004001263257217612,0.0014366081560711786,0.0068946166990668896,13,0.3203019579171437,0.28767387338563855,False
M_062,0.0311790637448699,0.0311790637448699,0.0003606895060174603,0.0004708211603930753,0.005220712470793837,13,0.2806611298748931,0.2072043507351783,False
M_063,0.07854599937960503,0.07854599937960503,0.00040333797990216525,0.0010744380326918898,0.0067351260122773685,13,0.1308530476466846,0.2632172320843684,False
M_064,0.037136821849124056,0.037136821849124056,0.0005674141866063936,0.0012313784194895815,0.008822962959940261,13,0.21806319393383078,0.2293247001738396,False
M_065,0.10340308973013645,0.10340308973013645,0.00037725686024730933,0.0009698111081600952,0.005909100124358107,13,0.22907628198616517,0.2465903112735407,False
M_066,0.06362482646058382,0.06362482646058382,0.0004805666188739427,0.0011991855196336449,0.007281268806678853,13,0.29684734454555484,0.23824031517847516,False
M_067,0.08223209334443551,0.08223209334443551,0.00032606928642160406,0.0009335940958221664,0.005650847281908601,13,0.19300490057501407,0.2548118021766166,False
M_068,0.07500309959121351,0.07500309959121351,0.0004928521040209697,0.0012756436567914946,0.008484244893397195,13,0.2031338127660932,0.268427200050211,False
M_069,0.1134683591869577,0.1134683591869577,0.0004722171475482678,0.0013239330065753997,0.008701290263923718,13,0.3190985985799049,0.2747908964090639,False
M_070,0.08378701228797768,0.08378701228797768,0.0005288841575882133,0.0018108506168964436,0.007851773547433667,13,0.19778389987491463,0.2558636328197429,False
M_071,0.06662202311323807,0.06662202311323807,0.0005004407084321016,0.001951694553766167,0.009209763505569358,13,0.4150233647896864,0.26679170671741376,False
M_072,0.06813061300664201,0.06813061300664201,0.00046956108305465594,0.0019315739913562063,0.007835480406532648,13,0.2752340172912445,0.2589904548447444,False
M_073,0.05572854345818955,0.05572854345818955,0.00038388483040890887,0.0009456664332681427,0.006255789299573822,13,0.3197970045510262,0.24008817239586072,False
M_074,0.043925554381516616,0.043925554381516616,0.0005222924625460332,0.0013239330065753997,0.0077717975144141905,13,0.1210694094672607,0.22789699132196245,False
M_075,0.06363465658756667,0.06363465658756667,0.0004640156973866933,0.000957738770714119,0.007663368002745857,13,0.2978847063622697,0.20044286754761678,False
M_076,0.0740172986340085,0.0740172986340085,0.0004029095575172488,0.0015895244303868782,0.00698102384697101,13,0.18132088544083685,0.2884896770974289,False
M_077,0.07129873061513443,0.07129873061513443,0.0005531512692334832,0.0019919356785860877,0.006981818840901867,13,0.2078925892986212,0.2550800198807436,False
M_078,0.03114321267249564,0.03114321267249564,0.00035979833924628746,0.0012233301945255974,0.007558284843332087,13,0.14692292333548373,0.2091128480290217,False
M_079,0.0851573704265956,0.0851573704265956,0.00034602730381055093,0.0011347997199217712,0.006385306031369953,13,0.2752562879941023,0.28155039374679885,False
R_000,0.0003332411198603097,0.0003332411198603097,0.08523717044652764,0.0,0.026675099225015004,11,0.04191411791550111,0.0,False
R_001,0.0011553410035653898,0.0011553410035653898,0.05752813351304688,0.0,0.02310288190224529,10,0.22048050884538822,0.0,False
R_002,5.84557353159477e-05,5.84557353159477e-05,0.06615304550138998,0.0,0.02755480332449408,13,0.2310279601690483,0.0,False
R_003,0.0002571149892628405,0.0002571149892628405,0.054278155227724514,0.0,0.02380942759728579,10,0.21103159471583843,0.0,False
R_004,0.0018183590999840034,0.0018183590999840034,0.10656343274332736,0.0,0.03128647022585288,13,0.051704388261469135,0.0,False
R_005,0.0005879555085085694,0.0005879555085085694,0.06701990266110394,0.0,0.029859378486919136,11,0.22346355653406397,0.0,False
R_006,0.0014574352750757478,0.0014574352750757478,0.07486404148281284,0.0,0.026263940385053416,12,0.12006544702855339,0.0,False
R_007,0.00023685908476007877,0.00023685908476007877,0.05098696528240837,0.0,0.024388526988095467,11,0.1819598591112044,0.0,False
R_008,0.00025732125569778274,0.00025732125569778274,0.08309932097735631,0.0,0.028158307864921624,13,0.19473174057221446,0.0,False
R_009,0.00017591572066618324,0.00017591572066618324,0.07372481618619335,0.0,0.032602279229805284,13,0.18384575027517924,0.0,False
R_010,0.0003293846502258208,0.0003293846502258208,0.08544218963026069,0.0,0.029657859238990933,12,0.19226435378657555,0.0,False
R_011,0.00013536406270838757,0.00013536406270838757,0.06678772395021572,0.0,0.03302744706655497,11,0.1339637539015175,0.0,False
R_012,0.00018619527572375175,0.00018619527572375175,0.09993599059074335,0.0,0.03767992644245719,13,0.24048231730813519,0.0,False
R_013,7.348054702444681e-05,7.348054702444681e-05,0.10641822450122666,0.0,0.030696598481554687,13,0.13289935848877166,0.0,False
R_014,0.005440990760882546,0.005440990760882546,0.11519896687827613,0.0,0.038561235680242056,11,0.23526401045508916,0.0,False
R_015,7.214843079124059e-05,7.214843079124059e-05,0.1105466040974488,0.0,0.042599934489644053,13,0.13688121837851522,0.0,False
R_016,0.00011933769582778528,0.00011933769582778528,0.08023289841538041,0.0,0.0275504817420811,13,0.2528859132917535,0.0,False
R_017,7.218891696838808e-05,7.218891696838808e-05,0.08114908954772163,0.0,0.03430767144219094,13,0.04708998750611751,0.0,False
R_018,2.2670050370492386e-05,2.2670050370492386e-05,0.0899865294433905,0.0,0.03048893495212816,13,0.2603799469883724,0.0,False
R_019,0.0001642366471243319,0.0001642366471243319,0.10641747717988011,0.0,0.02802728632715041,13,0.34917630784669734,0.0,False
R_020,0.0004850958688249365,0.0004850958688249365,0.10249843019802969,0.0,0.036824664694715674,13,0.031805874365761475,0.0,False
R_021,0.00022202798240082334,0.00022202798240082334,0.03831260906330938,0.0,0.014897801273049426,7,0.25635889615043156,0.0,False
R_022,0.0014546672968167788,0.0014546672968167788,0.07478270896855231,0.0,0.028214303249592305,13,0.2630743575863779,0.0,False
R_023,0.000456760441190236,0.000456760441190236,0.06698301362356784,0.0,0.030995229322459954,11,0.19324428295779156,0.0,False
R_024,0.0006470378182236168,0.0006470378182236168,0.037373268361961434,0.0,0.024333346139531933,10,0.1770058365429264,0.0,False
R_025,0.00010933523428617943,0.00010933523428617943,0.08085984580445874,0.0,0.03381451764319582,13,0.2747606929780345,0.0,False
R_026,4.572816393630609e-05,4.572816393630609e-05,0.04548825298666047,0.0,0.018069015898720633,9,0.19314054066315975,0.0,False
R_027,0.00021269505185172742,0.00021269505185172742,0.08782597923112906,0.0,0.027726549948434334,13,0.2619760756856181,0.0,False
R_028,0.0003959966444634583,0.0003959966444634583,0.0705785613427165,0.0,0.026160927799843973,13,0.32000303102876515,0.0,False
R_029,4.2924799919251535e-05,4.2924799919251535e-05,0.12841068166250746,0.0,0.035232894559262394,13,0.11406252227880924,0.0,False
R_030,0.00014485670981118483,0.00014485670981118483,0.05235153347299252,0.0,0.03298503637671973,13,0.37216109501778016,0.0,False
R_031,0.00013573443433954804,0.00013573443433954804,0.1301645516105104,0.0,0.03485605461732792,13,0.3350666430991618,0.0,False
R_032,0.00014607813449426897,0.00014607813449426897,0.10314300919172413,0.0,0.04006531568071326,13,0.07677766892251463,0.0,False
R_033,0.0006569055301450488,0.0006569055301450488,0.09982943782680317,0.0,0.034196415686291975,13,0.1638432032035319,0.0,False
R_034,7.445825647681582e-05,7.445825647681582e-05,0.06839807037434742,0.0,0.0233680114438529,10,0.06477216305986294,0.0,False
R_035,0.00042394131223493994,0.00042394131223493994,0.12021133682740345,0.0,0.041902812407391944,13,0.11376442652932042,0.0,False
R_036,0.000776771839745174,0.000776771839745174,0.07288448860825796,0.0,0.02517039309320851,12,0.1183707213995459,0.0,False
R_037,0.0021872252596047497,0.0021872252596047497,0.08546284377787729,0.0,0.0331740938170785,13,0.10682010664609727,0.0,False
R_038,0.00018499659499744185,0.00018499659499744185,0.09711534025543529,0.0,0.031640304203928445,13,0.14425087625606892,0.0,False
R_039,0.0005623133400233627,0.0005623133400233627,0.09741019444824249,0.0,0.03484379161584263,13,0.27160759257022044,0.0,False
R_040,6.460918357016035e-05,6.460918357016035e-05,0.07206152529617854,0.0,0.03384336648131913,11,0.1901830582805828,0.0,False
R_041,0.0002964557239965459,0.0002964557239965459,0.08675050380012607,0.0,0.03483918810138861,13,0.24311493024114947,0.0,False
R_042,0.0014063736398547912,0.0014063736398547912,0.06897834144514912,0.0,0.02552313281280615,11,0.052470684571815134,0.0,False
R_043,0.00032249305604170863,0.00032249305604170863,0.0760287088678035,0.0,0.020822616630400432,12,0.15938630317698355,0.0,False
R_044,0.0031446148187287033,0.0031446148187287033,0.10413824082807359,0.0,0.028703811336882313,13,0.2375158714795112,0.0,False
R_045,0.0004224346258536632,0.0004224346258536632,0.03576417321227807,0.0,0.018426789170768922,9,0.1885539771562178,0.0,False
R_046,0.0005988789051860314,0.0005988789051860314,0.08424568919114893,0.0,0.03197713564011774,13,0.1019483549972991,0.0,False
R_047,0.0001110107932096168,0.0001110107932096168,0.12314101990245567,0.0,0.030551049259027307,13,0.15131455241180247,0.0,False
R_048,0.00021398146617871485,0.00021398146617871485,0.17473515644255908,0.0,0.03962318977903265,13,0.21084054799830915,0.0,False
R_049,0.0005110250545673258,0.0005110250545673258,0.13014923915789317,0.0,0.03140082021448226,13,0.28375177566905857,0.0,False
R_050,4.206635596099967e-05,4.206635596099967e-05,0.09561685107204021,0.0,0.02745977662974504,13,0.11063966857158963,0.0,False
R_051,0.000649357053511087,0.000649357053511087,0.07975326233100552,0.0,0.03181512551911739,11,0.21026103932657864,0.0,False
R_052,0.0002435956377869901,0.0002435956377869901,0.11388661456606214,0.0,0.03469249956294855,13,0.055658810301168045,0.0,False
R_053,0.000142531864983545,0.000142531864983545,0.09126477658553715,0.0,0.038934034064929485,12,0.11443374399905257,0.0,False
R_054,3.8487841652627454e-05,3.8487841652627454e-05,0.055411189616269625,0.0,0.031858909502122085,12,0.22473044684324328,0.0,False
R_055,0.00041679019308755376,0.00041679019308755376,0.14729850244115908,0.0,0.03428716324428179,13,0.19855134836500188,0.0,False
R_056,2.317642582638317e-05,2.317642582638317e-05,0.10522390150885688,0.0,0.034406345829481016,13,0.12758254647337836,0.0,False
R_057,0.00013522229810402974,0.00013522229810402974,0.03655025239804746,0.0,0.016557738618441536,9,0.16791613724694637,0.0,False
R_058,0.0007387427956747338,0.0007387427956747338,0.08915265869025432,0.0,0.03137182566258655,12,0.14670737143695012,0.0,False
R_059,0.0006513225338260007,0.0006513225338260007,0.09308743443863429,0.0,0.03462259663456384,13,0.2378738935513002,0.0,False
R_060,0.00015691778268144883,0.00015691778268144883,0.08934024015691393,0.0,0.03321100171515626,13,0.10183312154446778,0.0,False
R_061,0.00019449302009588073,0.00019449302009588073,0.10854009170680029,0.0,0.03847940833038566,13,0.2539341274024966,0.0,False
R_062,0.00012546152411154474,0.00012546152411154474,0.058236603162628325,0.0,0.030106626819241582,11,0.1605354528076407,0.0,False
R_063,7.168193965488435e-05,7.168193965488435e-05,0.09681665731944963,0.0,0.023939550420485827,13,0.2276188900938815,0.0,False
R_064,0.0003910623093886936,0.0003910623093886936,0.10134573840657804,0.0,0.03310586945686351,13,0.11578357461454837,0.0,False
R_065,0.0002845347891167896,0.0002845347891167896,0.0846396458822751,0.0,0.03340971144323969,13,0.2285438822203371,0.0,False
R_066,0.00046207295220406983,0.00046207295220406983,0.14587402951675424,0.0,0.043096299993364874,13,0.4087364808041257,0.0,False
R_067,0.00014830011784229167,0.00014830011784229167,0.09712749619351176,0.0,0.038235061540291305,13,0.3089439894451351,0.0,False
R_068,0.00012574227943659984,0.00012574227943659984,0.12274184918370462,0.0,0.04563973063522559,13,0.09737514926132271,0.0,False
R_069,0.0001479176857464199,0.0001479176857464199,0.059567290806821306,0.0,0.023917504866711,11,0.2681432826702597,0.0,False
R_070,0.0013932283447638614,0.0013932283447638614,0.05567244038273035,0.0,0.02247784635827758,11,0.23485620056541082,0.0,False
R_071,0.00041707924503633356,0.00041707924503633356,0.10011479578186419,0.0,0.03492027004131586,13,0.1942015846357279,0.0,False
R_072,0.0009621318530628106,0.0009621318530628106,0.09443282241307908,0.0,0.034470264355798946,11,0.22181792616389046,0.0,False
R_073,0.00013204682489183737,0.00013204682489183737,0.07216766423100218,0.0,0.020907818738699853,11,0.15309338921251248,0.0,False
R_074,0.001018890437931418,0.001018890437931418,0.10286737415524348,0.0,0.03726274639374465,12,0.2940686316732431,0.0,False
R_075,5.488837528784829e-05,5.488837528784829e-05,0.14282148205101583,0.0,0.04290123465861495,13,0.07556552249156516,0.0,False
R_076,7.985913213108963e-05,7.985913213108963e-05,0.11270819019428038,0.0,0.029831115341983072,13,0.16331642798852403,0.0,False
R_077,0.0001939884242700365,0.0001939884242700365,0.11767445811842353,0.0,0.036183019497825,13,0.2185694152128551,0.0,False
R_078,0.00027954243995651,0.00027954243995651,0.07525742055289747,0.0,0.023651472514571645,11,0.21324896750054984,0.0,False
R_079,0.0003839092250962808,0.0003839092250962808,0.06419261464795709,0.0,0.031066931418664418,13,0.20285507316623236,0.0,False
R_080,0.00012344635375452042,0.00012344635375452042,0.046455887852391915,0.0,0.023720344876073687,11,0.05803606529018811,0.0,False
R_081,0.00017480471629073812,0.00017480471629073812,0.07234934125681011,0.0,0.032890066188197765,10,0.08490919227479043,0.0,False
R_082,0.00025036555279755497,0.00025036555279755497,0.1045604701893075,0.0,0.03551598511096662,13,0.1552329385892951,0.0,False
R_083,0.00032762582620474964,0.00032762582620474964,0.057532372895569645,0.0,0.03116346300713778,10,0.04334614040475393,0.0,False
R_084,0.0002152990348902006,0.0002152990348902006,0.09024054175386906,0.0,0.029493748275732454,13,0.18978212747818107,0.0,False
R_085,0.001078592169834464,0.001078592169834464,0.1035359507340889,0.0,0.03343973264542731,13,0.1552269026067748,0.0,False
R_086,0.00036007502709536893,0.00036007502709536893,0.06346932917819409,0.0,0.027540550447113458,10,0.18054081272053824,0.0,False
R_087,0.0003240856267594411,0.0003240856267594411,0.10366446197976414,0.0,0.028142826401486954,13,0.1287473939573715,0.0,False
R_088,0.0003872532981984154,0.0003872532981984154,0.11152889713715461,0.0,0.04172306168708513,13,0.2244955912329703,0.0,False
R_089,0.0022271385871027584,0.0022271385871027584,0.08077554204414354,0.0,0.029314249996469782,12,0.14528944272069716,0.0,False
R_090,0.0011261290971495961,0.0011261290971495961,0.06887245794391102,0.0,0.028587892856910775,12,0.3285827401183774,0.0,False
R_091,0.00016703698562599428,0.00016703698562599428,0.08045741952580912,0.0,0.02497729659907249,12,0.23953461624118771,0.0,False
R_092,0.00047855071636827015,0.00047855071636827015,0.11087721860637348,0.0,0.037967374382083106,13,0.30319031636156685,0.0,False
R_093,0.00033392371702955565,0.00033392371702955565,0.08611576744327647,0.0,0.026226063789585478,13,0.23535209206256308,0.0,False
R_094,0.00028588552940145577,0.00028588552940145577,0.02370182994939974,0.0,0.013433987657047912,10,0.07472375817117793,0.0,False
R_095,0.00032371945735033917,0.00032371945735033917,0.08250929643733831,0.0,0.03707165336140261,13,0.09332326531439951,0.0,False
R_096,0.00010356761066610486,0.00010356761066610486,0.11211396802847462,0.0,0.03310911262492187,13,0.11390165034629528,0.0,False
R_097,6.10776091105046e-05,6.10776091105046e-05,0.09121859394116728,0.0,0.03288024104918785,13,0.18939517362473818,0.0,False
R_098,0.00030955295631877644,0.00030955295631877644,0.07541602677077776,0.0,0.02823438702591531,10,0.18832307369924337,0.0,False
R_099,0.00019801728710730718,0.00019801728710730718,0.10585805070089933,0.0,0.033064320907376286,13,0.22687720286316926,0.0,False
R_100,0.0005646909785896164,0.0005646909785896164,0.026978382988831484,0.0,0.0164783962137734,9,0.25312221472324015,0.0,False
R_101,0.00041573406590309663,0.00041573406590309663,0.13078566285114313,0.0,0.041643416466923225,13,0.18279534483002502,0.0,False
R_102,0.00031480120314324265,0.00031480120314324265,0.10843878045428487,0.0,0.0362123297151393,13,0.30896390262763096,0.0,False
R_103,0.00025604457313488295,0.00025604457313488295,0.06174623519256409,0.0,0.02861703711620959,11,0.29213471132148505,0.0,False
R_104,5.392962380439495e-05,5.392962380439495e-05,0.08960068326879089,0.0,0.03055681225844237,13,0.14660842977786936,0.0,False
R_105,0.00013490427146612107,0.00013490427146612107,0.12512938059752976,0.0,0.03880836906511145,13,0.2208209868387187,0.0,False
R_106,5.9602911829951845e-05,5.9602911829951845e-05,0.10251851790041829,0.0,0.030414181638473533,13,0.23435494375958543,0.0,False
R_107,5.6299244514000956e-05,5.6299244514000956e-05,0.13230256481619915,0.0,0.03804278130411811,13,0.2855213464988693,0.0,False
R_108,0.00015245544873820088,0.00015245544873820088,0.058303957143892415,0.0,0.02867733914466952,11,0.13182491036516336,0.0,False
R_109,0.00010573571771154889,0.00010573571771154889,0.11977875114320007,0.0,0.03768453751218222,13,0.18305965525428874,0.0,False
R_110,0.0001154084591247088,0.0001154084591247088,0.08675540534378605,0.0,0.03561550239866087,13,0.22001381615478133,0.0,False
R_111,0.00032008213649499723,0.00032008213649499723,0.034637549615462976,0.0,0.01959001577566394,11,0.05353687297423557,0.0,False
R_112,2.7492504260405798e-05,2.7492504260405798e-05,0.0663285611505571,0.0,0.02689251591150551,11,0.16431389398927748,0.0,False
R_113,0.00022476754561478185,0.00022476754561478185,0.08080222920126072,0.0,0.022134374350558213,11,0.2356896636445605,0.0,False
R_114,0.000438759996405818,0.000438759996405818,0.10803888745809034,0.0,0.039807679990436315,13,0.27125484853104787,0.0,False
R_115,0.0007925082342407543,0.0007925082342407543,0.04867422603816097,0.0,0.022462279607183302,10,0.19415594062574446,0.0,False
R_116,8.409246774449803e-05,8.409246774449803e-05,0.09051405283013514,0.0,0.030406925886350005,13,0.23721144639238362,0.0,False
R_117,6.740489048103066e-05,6.740489048103066e-05,0.08053727989526133,0.0,0.03779447773988806,13,0.1439266118956521,0.0,False
R_118,0.00122382037633075,0.00122382037633075,0.062481417521621785,0.0,0.02216376437872814,12,0.132006115315828,0.0,False
R_119,8.526761045782052e-05,8.526761045782052e-05,0.0865284677878331,0.0,0.03489825716572625,13,0.1579407081133387,0.0,False
